date,demand_mu,was_interpolated,temp_max_c,temp_min_c,temp_mean_c,humidity_mean_pct,precipitation_mm,temp_mean_c_sq,hdd,cdd,day_of_year,day_of_year_sin,day_of_year_cos,demand_lag_1,demand_lag_7,is_weekend,is_lockdown
2019-01-09,89.2,False,19.4,7.9,12.5,71,0.0,156.25,5.5,0.0,9,0.1542040475626894,0.988039023376751,69.0,85.8,0,0
2019-01-10,92.8,False,19.3,5.9,12.5,67,0.0,156.25,5.5,0.0,10,0.17117705961019986,0.985240282501282,89.2,85.5,0,0
2019-01-11,79.5,False,19.4,5.6,12.7,71,0.0,161.29,5.300000000000001,0.0,11,0.18809941761179758,0.9821499931752291,92.8,83.5,0,0
2019-01-12,92.6,False,19.8,7.2,13.3,75,0.0,176.89000000000001,4.699999999999999,0.0,12,0.20496611396949532,0.9787690698649216,79.5,79.2,1,0
2019-01-13,89.4,False,21.0,8.3,14.3,74,0.0,204.49,3.6999999999999993,0.0,13,0.22177215755648186,0.975098513039961,92.6,76.6,1,0
2019-01-14,82.2,False,18.3,8.2,12.6,60,0.0,158.76,5.4,0.0,14,0.23851257519407648,0.9711394088771653,89.4,71.1,0,0
2019-01-15,77.8,False,18.8,6.4,11.3,59,0.0,127.69000000000001,6.699999999999999,0.0,15,0.2551824131233728,0.9668929289391521,82.2,69.0,0,0
2019-01-16,111.8,False,18.9,5.7,11.9,70,0.0,141.61,6.1,0.0,16,0.2717767384711357,0.9623603298276545,77.8,89.2,0,0
2019-01-17,115.6,False,20.0,5.2,12.0,76,0.0,144.0,6.0,0.0,17,0.2882906407095177,0.9575429528116719,111.8,92.8,0,0
2019-01-18,117.9,False,20.4,5.9,12.0,75,0.0,144.0,6.0,0.0,18,0.3047192331091634,0.9524422234305676,115.6,79.5,0,0
2019-01-19,121.9,False,22.8,6.9,13.8,70,0.0,190.44000000000003,4.199999999999999,0.0,19,0.321057654185271,0.9470596510722283,117.9,92.6,1,0
2019-01-20,121.7,False,25.0,8.6,16.6,74,0.0,275.56000000000006,1.3999999999999986,0.0,20,0.3373010691361842,0.9413968285264122,121.9,89.4,1,0
2019-01-21,112.2,False,21.4,12.6,16.0,82,5.5,256.0,2.0,0.0,21,0.3534446712740877,0.9354554315134164,121.7,82.2,0,0
2019-01-22,108.0,False,19.5,11.6,14.8,86,17.6,219.04000000000002,3.1999999999999993,0.0,22,0.3694836834473831,0.9292372181882051,112.2,77.8,0,0
2019-01-23,109.3,False,18.7,8.8,13.2,84,0.4,174.23999999999998,4.800000000000001,0.0,23,0.38541335945432564,0.9227440286201427,108.0,111.8,0,0
2019-01-24,111.9,False,20.0,9.3,13.7,80,0.1,187.68999999999997,4.300000000000001,0.0,24,0.4012289854475009,0.9159777842484877,109.3,115.6,0,0
2019-01-25,114.2,False,17.4,8.7,12.1,79,0.9,146.41,5.9,0.0,25,0.4169258813287287,0.908940487313808,111.9,117.9,0,0
2019-01-26,112.7,False,17.4,7.1,11.4,70,0.0,129.96,6.6,0.0,26,0.4324994021339788,0.901634220265486,114.2,121.9,1,0
2019-01-27,105.0,False,16.3,5.4,10.1,69,0.0,102.00999999999999,7.9,0.0,27,0.44794493940789115,0.8940611451454876,112.7,121.7,1,0
2019-01-28,100.5,False,17.2,6.1,10.6,63,0.0,112.36,7.4,0.0,28,0.4632579225674917,0.88622350294858,105.0,112.2,0,0
2019-01-29,96.4,False,18.3,6.0,11.1,63,0.0,123.21,6.9,0.0,29,0.4784338202547012,0.8781236129591848,100.5,108.0,0,0
2019-01-30,41.8,False,18.3,6.1,11.3,70,0.0,127.69000000000001,6.699999999999999,0.0,30,0.49346814167723735,0.8697638720650646,96.4,109.3,0,0
2019-01-31,43.1,False,18.8,6.9,12.8,72,0.8,163.84000000000003,5.199999999999999,0.0,31,0.5083564379375122,0.8611467540480452,41.8,111.9,0,0
2019-02-01,43.0,True,19.6,10.8,14.2,75,0.7,201.64,3.8000000000000007,0.0,32,0.5230943033491326,0.8522748088519838,43.1,114.2,0,0
2019-02-02,42.9,False,19.7,8.0,13.0,82,0.0,169.0,5.0,0.0,33,0.5376773767406141,0.8431506618282,43.0,112.7,1,0
2019-02-03,44.9,False,20.1,7.8,12.7,82,0.0,161.29,5.300000000000001,0.0,34,0.5521013427459208,0.8337770129585915,42.9,105.0,1,0
2019-02-04,43.8,False,21.0,7.4,14.0,76,0.0,196.0,4.0,0.0,35,0.5663619330814524,0.8241566360566663,44.9,100.5,0,0
2019-02-05,43.5,False,22.1,8.8,15.5,78,0.0,240.25,2.5,0.0,36,0.580454927809098,0.8142923779467267,43.8,96.4,0,0
2019-02-06,44.1,False,22.9,13.1,17.0,85,9.2,289.0,1.0,0.0,37,0.5943761565849831,0.804187157621448,43.5,41.8,0,0
2019-02-07,60.3,False,20.0,12.2,15.7,90,11.9,246.48999999999998,2.3000000000000007,0.0,38,0.6081214998935418,0.7938439653781019,44.1,43.1,0,0
2019-02-08,63.2,False,18.8,8.3,12.8,74,0.0,163.84000000000003,5.199999999999999,0.0,39,0.6216868902665479,0.7832658619336791,60.3,43.0,0,0
2019-02-09,68.4,False,18.9,8.2,12.5,72,0.0,156.25,5.5,0.0,40,0.6350683134867438,0.7724559775191742,63.2,42.9,1,0
2019-02-10,67.6,False,18.4,6.8,12.2,76,0.5,148.83999999999997,5.800000000000001,0.0,41,0.6482618097757122,0.7614175109532997,68.4,44.9,1,0
2019-02-11,69.0,False,19.3,7.3,13.0,76,0.0,169.0,5.0,0.0,42,0.6612634749656386,0.7501537286959042,67.6,43.8,0,0
2019-02-12,64.8,False,21.4,9.8,15.0,76,0.0,225.0,3.0,0.0,43,0.6740694616546162,0.7386679638813748,69.0,43.5,0,0
2019-02-13,61.2,False,23.4,11.0,16.4,75,0.0,268.96,1.6000000000000014,0.0,44,0.6866759803451553,0.726963615332308,64.8,44.1,0,0
2019-02-14,71.8,False,20.3,13.4,16.1,84,3.7,259.21000000000004,1.8999999999999986,0.0,45,0.6990793005655562,0.7150441465537444,61.2,60.3,0,0
2019-02-15,71.7,False,20.4,12.6,15.8,86,1.5,249.64000000000001,2.1999999999999993,0.0,46,0.7112757519738152,0.7029130847082615,71.8,63.2,0,0
2019-02-16,72.7,False,19.2,10.3,14.3,86,0.5,204.49,3.6999999999999993,0.0,47,0.7232617254437388,0.6905740195722293,71.7,68.4,1,0
2019-02-17,71.6,False,20.6,10.6,14.5,80,0.0,210.25,3.5,0.0,48,0.7350336741329412,0.6780306024735382,72.7,67.6,1,0
2019-02-18,71.3,False,22.3,9.4,15.9,72,0.1,252.81,2.0999999999999996,0.0,49,0.746588114532413,0.6652865452111116,71.6,69.0,0,0
2019-02-19,69.2,False,22.0,10.6,16.5,78,0.0,272.25,1.5,0.0,50,0.7579216274973472,0.6523456189565257,71.3,64.8,0,0
2019-02-20,67.0,False,20.2,13.8,16.8,82,3.4,282.24,1.1999999999999993,0.0,51,0.7690308592589181,0.6392116531380588,69.2,61.2,0,0
2019-02-21,111.8,False,25.5,14.2,19.1,76,0.0,364.81000000000006,0.0,1.1000000000000014,52,0.7799125224167177,0.6258885343075018,67.0,71.8,0,0
2019-02-22,114.9,False,22.9,13.0,17.9,73,0.8,320.40999999999997,0.10000000000000142,0.0,53,0.7905633969115482,0.612380204990065,111.8,71.7,0,0
2019-02-23,121.6,False,21.3,10.2,14.8,67,0.0,219.04000000000002,3.1999999999999993,0.0,54,0.8009803309782905,0.5986906625177214,114.9,72.7,1,0
2019-02-24,128.1,False,21.9,10.3,15.1,68,0.1,228.01,2.9000000000000004,0.0,55,0.8111602420785621,0.5848239578463322,121.6,71.6,1,0
2019-02-25,131.6,False,22.1,9.3,15.2,68,0.2,231.04,2.8000000000000007,0.0,56,0.8211001178128892,0.5707841943569036,128.1,71.3,0,0
2019-02-26,132.2,False,21.4,11.7,15.4,70,4.5,237.16000000000003,2.5999999999999996,0.0,57,0.8307970168121247,0.5565755266413303,131.6,69.2,0,0
2019-02-27,132.7,False,17.6,9.6,13.5,81,6.8,182.25,4.5,0.0,58,0.8402480696078469,0.5422021592729844,132.2,67.0,0,0
2019-02-28,69.0,False,19.4,7.0,12.9,72,0.0,166.41,5.1,0.0,59,0.8494504794814806,0.527668345562516,132.7,111.8,0,0
2019-03-01,70.55,True,20.8,7.6,13.7,69,0.0,187.68999999999997,4.300000000000001,0.0,60,0.8584015232918917,0.512978386299228,69.0,114.9,0,0
2019-03-02,72.1,False,20.9,11.1,15.1,76,7.4,228.01,2.9000000000000004,0.0,61,0.8670985522812081,0.4981366284784055,70.55,121.6,1,0
2019-03-03,71.8,False,21.6,11.2,15.9,80,2.2,252.81,2.0999999999999996,0.0,62,0.8755389928586302,0.4831474640149687,72.1,128.1,1,0
2019-03-04,71.1,False,22.5,11.7,16.7,81,0.1,278.89,1.3000000000000007,0.0,63,0.8837203473619977,0.4680153284438345,71.8,131.6,0,0
2019-03-05,73.0,False,21.8,11.7,16.0,74,0.0,256.0,2.0,0.0,64,0.8916401947968874,0.45274469960737107,71.1,132.2,0,0
2019-03-06,68.0,False,23.1,10.6,16.4,67,0.0,268.96,1.6000000000000014,0.0,65,0.8992961915530253,0.4373400963303323,73.0,132.7,0,0
2019-03-07,67.3,False,23.6,9.6,16.6,68,0.0,275.56000000000006,1.3999999999999986,0.0,66,0.9066860720977985,0.4218060770826634,68.0,69.0,0,0
2019-03-08,111.7,False,23.9,11.5,17.9,64,0.0,320.40999999999997,0.10000000000000142,0.0,67,0.9138076496466615,0.4061472386305789,67.3,70.55,0,0
2019-03-09,121.6,False,25.1,12.6,18.1,67,0.0,327.61000000000007,0.0,0.10000000000000142,68,0.9206588168102428,0.3903682146763026,111.7,72.1,1,0
2019-03-10,128.0,False,24.5,11.0,17.3,60,0.0,299.29,0.6999999999999993,0.0,69,0.9272375462179537,0.374473674486883,121.6,71.8,1,0
2019-03-11,132.7,False,26.0,14.1,19.6,59,1.2,384.1600000000001,0.0,1.6000000000000014,70,0.9335418911179212,0.35846832151248087,128.0,71.1,0,0
2019-03-12,132.6,False,26.4,13.1,19.3,60,0.0,372.49,0.0,1.3000000000000007,71,0.9395699859530622,0.342356891994542,132.7,73.0,0,0
2019-03-13,129.7,False,23.2,12.9,18.0,67,0.0,324.0,0.0,0.0,72,0.945320046913132,0.3261441535642696,132.6,68.0,0,0
2019-03-14,113.9,False,24.3,11.8,17.1,74,0.3,292.41,0.8999999999999986,0.0,73,0.9507903724625832,0.3098349038318025,129.7,67.3,0,0
2019-03-15,57.8,False,25.0,11.8,17.8,67,0.0,316.84000000000003,0.1999999999999993,0.0,74,0.9559793438440766,0.2934339689665273,113.9,111.7,0,0
2019-03-16,51.2,False,25.2,11.9,17.8,61,0.0,316.84000000000003,0.1999999999999993,0.0,75,0.9608854255574977,0.27694620226893646,57.8,121.6,1,0
2019-03-17,58.4,False,26.4,12.6,19.6,54,0.0,384.1600000000001,0.0,1.6000000000000014,76,0.9655071658143364,0.2603764827344581,51.2,128.0,1,0
2019-03-18,63.0,False,27.1,11.9,19.9,55,0.0,396.00999999999993,0.0,1.8999999999999986,77,0.969843196967294,0.24372971360968387,58.4,132.7,0,0
2019-03-19,66.1,False,29.3,13.0,21.0,57,0.0,441.0,0.0,3.0,78,0.9738922359149924,0.22701082094141847,63.0,132.6,0,0
2019-03-20,69.6,False,30.1,17.5,22.7,51,0.0,515.29,0.0,4.699999999999999,79,0.9776530844816641,0.2102247521189836,66.1,129.7,0,0
2019-03-21,68.3,False,30.1,14.7,22.4,51,0.0,501.75999999999993,0.0,4.399999999999999,80,0.981124629771712,0.19337647441020586,69.6,113.9,0,0
2019-03-22,62.5,False,28.8,15.8,21.6,44,0.0,466.56000000000006,0.0,3.6000000000000014,81,0.984305844499033,0.17647097349152166,68.3,57.8,0,0
2019-03-23,63.5,False,29.7,15.6,22.1,40,0.0,488.4100000000001,0.0,4.100000000000001,82,0.9871957872910085,0.15951325197263655,62.5,51.2,1,0
2019-03-24,62.6,False,30.9,18.6,24.0,46,0.0,576.0,0.0,6.0,83,0.9897936029670716,0.14250832791617088,63.5,58.4,1,0
2019-03-25,62.4,False,28.3,17.1,21.5,64,0.4,462.25,0.0,3.5,84,0.992098522791769,0.12546123335273648,62.6,63.0,0,0
2019-03-26,63.5,False,29.7,15.3,21.8,61,0.0,475.24,0.0,3.8000000000000007,85,0.9941098647022418,0.10837701279187609,62.4,66.1,0,0
2019-03-27,60.4,False,30.9,14.8,23.0,57,0.0,529.0,0.0,5.0,86,0.9958270335100595,0.09126072172931188,63.5,69.6,0,0
2019-03-28,57.2,False,33.5,17.6,25.3,58,0.0,640.09,0.0,7.300000000000001,87,0.9972495210773451,0.07411742515094437,60.4,68.3,0,0
2019-03-29,61.7,False,35.6,18.1,27.1,56,0.0,734.4100000000001,0.0,9.100000000000001,88,0.998376906467142,0.056952196034039754,57.2,62.5,0,0
2019-03-30,64.3,False,36.1,20.0,26.0,59,0.0,676.0,0.0,8.0,89,0.9992088560679753,0.03977011384605572,61.7,63.5,1,0
2019-03-31,65.9,False,34.1,18.5,25.9,44,0.0,670.81,0.0,7.899999999999999,90,0.9997451236925734,0.022576263041545485,64.3,62.6,1,0
2019-04-01,66.65,True,33.2,18.3,25.0,37,0.0,625.0,0.0,7.0,91,0.9999855506507186,0.005375731557583884,65.9,62.4,0,0
2019-04-02,67.4,False,33.3,16.4,24.4,45,0.0,595.3599999999999,0.0,6.399999999999999,92,0.9999300657962057,-0.011826390691832589,66.65,63.5,0,0
2019-04-03,71.8,False,34.9,17.3,25.7,43,0.0,660.49,0.0,7.699999999999999,93,0.9995786855478958,-0.029025013321975237,67.4,60.4,0,0
2019-04-04,73.9,False,36.3,18.1,27.6,44,0.0,761.7600000000001,0.0,9.600000000000001,94,0.9989315138848577,-0.046215046983708354,71.8,57.2,0,0
2019-04-05,69.1,False,37.5,20.5,28.4,47,0.0,806.56,0.0,10.399999999999999,95,0.9979887423155984,-0.06339140486951038,73.9,61.7,0,0
2019-04-06,61.4,False,37.2,20.3,28.0,52,0.0,784.0,0.0,10.0,96,0.9967506498213929,-0.08054900421874167,69.1,64.3,1,0
2019-04-07,64.1,False,34.2,20.7,27.5,59,0.6,756.25,0.0,9.5,97,0.9952176027737294,-0.09768276782171598,61.4,65.9,1,0
2019-04-08,66.1,False,35.0,21.1,26.3,57,0.4,691.69,0.0,8.3,98,0.9933900548258936,-0.11478762552212701,64.1,66.65,0,0
2019-04-09,66.1,False,35.9,20.2,27.8,50,0.0,772.84,0.0,9.8,99,0.9912685467787256,-0.13185851571739118,66.1,67.4,0,0
2019-04-10,65.4,False,37.1,20.7,28.9,46,0.0,835.2099999999999,0.0,10.899999999999999,100,0.9888537064205885,-0.1488903868564548,66.1,71.8,0,0
2019-04-11,63.0,False,37.7,22.6,29.8,40,0.0,888.0400000000001,0.0,11.8,101,0.986146248341595,-0.16587819893463143,65.4,73.9,0,0
2019-04-12,60.2,False,36.8,22.1,29.2,39,0.0,852.64,0.0,11.2,102,0.9831469737221499,-0.1828169249850199,63.0,69.1,0,0
2019-04-13,123.2,False,36.9,22.2,29.5,40,0.0,870.25,0.0,11.5,103,0.9798567700958665,-0.1997015525660636,60.2,61.4,1,0
2019-04-14,126.1,False,37.4,23.4,30.2,36,0.0,912.04,0.0,12.2,104,0.9762766110869321,-0.21652708524481437,123.2,64.1,1,0
2019-04-15,135.1,False,38.4,23.8,30.7,34,0.0,942.49,0.0,12.7,105,0.9724075561219968,-0.23328854407545518,126.1,66.1,0,0
2019-04-16,135.2,False,31.1,22.3,25.9,51,0.3,670.81,0.0,7.899999999999999,106,0.9682507501166718,-0.2499809690726521,135.1,66.1,0,0
2019-04-17,133.5,False,25.9,18.9,21.8,74,7.8,475.24,0.0,3.8000000000000007,107,0.9638074231367307,-0.26659942067929354,135.2,65.4,0,0
2019-04-18,136.7,False,28.1,16.4,22.6,67,0.0,510.76000000000005,0.0,4.600000000000001,108,0.9590788900341131,-0.28313898122818354,133.5,63.0,0,0
2019-04-19,136.0,False,30.1,18.8,24.7,55,0.0,610.0899999999999,0.0,6.699999999999999,109,0.9540665500578387,-0.2995947563972602,136.7,60.2,0,0
2019-04-20,63.9,False,33.3,19.7,26.5,48,0.0,702.25,0.0,8.5,110,0.9487718864399473,-0.31596187665790293,136.0,123.2,1,0
2019-04-21,63.6,False,35.5,20.6,28.5,42,0.0,812.25,0.0,10.5,111,0.9431964659565866,-0.33223549871590435,63.9,126.1,1,0
2019-04-22,63.8,False,37.3,20.6,29.5,43,0.0,870.25,0.0,11.5,112,0.9373419384643772,-0.3484108069446808,63.6,135.1,0,0
2019-04-23,62.5,False,38.8,22.6,31.3,38,0.0,979.69,0.0,13.3,113,0.9312100364121947,-0.3644830148102912,63.8,135.2,0,0
2019-04-24,63.8,False,40.5,24.5,32.3,38,0.0,1043.2899999999997,0.0,14.299999999999997,114,0.9248025743285089,-0.38044736628785164,62.5,133.5,0,0
2019-04-25,60.3,False,39.4,25.6,32.4,38,0.1,1049.76,0.0,14.399999999999999,115,0.9181214482844365,-0.39629913726891813,63.8,136.7,0,0
2019-04-26,57.9,False,39.9,24.9,32.6,35,0.0,1062.76,0.0,14.600000000000001,116,0.9111686353326631,-0.41203363695942635,60.3,136.0,0,0
2019-04-27,74.2,False,40.3,26.8,33.4,22,0.0,1115.56,0.0,15.399999999999999,117,0.9039461929224011,-0.42764620926777464,57.9,63.9,1,0
2019-04-28,76.9,False,40.8,25.8,33.2,20,0.0,1102.2400000000002,0.0,15.200000000000003,118,0.8964562582905575,-0.44313223418263453,74.2,63.6,1,0
2019-04-29,76.9,False,40.7,26.0,33.4,20,0.0,1115.56,0.0,15.399999999999999,119,0.8887010478292915,-0.45848712914008766,76.9,63.8,0,0
2019-04-30,79.2,False,41.5,24.9,33.8,21,0.0,1142.4399999999998,0.0,15.799999999999997,120,0.8806828564301475,-0.47370635037968,76.9,62.5,0,0
2019-05-01,80.6,True,40.9,24.3,32.7,26,0.0,1069.2900000000002,0.0,14.700000000000003,121,0.8724040568049612,-0.48878539428899265,79.2,63.8,0,0
2019-05-02,82.0,False,37.5,26.0,31.3,34,0.3,979.69,0.0,13.3,122,0.8638670987837349,-0.503719798736334,80.6,60.3,0,0
2019-05-03,80.4,False,37.5,24.7,30.9,34,0.0,954.81,0.0,12.899999999999999,123,0.8550745085896932,-0.518505144391157,82.0,57.9,0,0
2019-05-04,78.0,False,37.9,23.9,31.0,24,0.0,961.0,0.0,13.0,124,0.8460288880917339,-0.533137056031809,80.4,74.2,1,0
2019-05-05,98.5,False,38.6,22.8,31.0,21,0.0,961.0,0.0,13.0,125,0.8367329140344921,-0.5476112038402312,78.0,76.9,1,0
2019-05-06,99.3,False,40.0,22.7,31.8,23,0.0,1011.24,0.0,13.8,126,0.8271893372462497,-0.5619233046832195,98.5,76.9,0,0
2019-05-07,102.4,False,40.1,22.3,32.0,22,0.0,1024.0,0.0,14.0,127,0.8174009818249189,-0.5760691233798758,99.3,79.2,0,0
2019-05-08,102.6,False,41.4,24.5,33.7,19,0.0,1135.6900000000003,0.0,15.700000000000003,128,0.8073707443023492,-0.5900444739548627,102.4,80.6,0,0
2019-05-09,100.9,False,41.3,26.1,34.0,20,0.0,1156.0,0.0,16.0,129,0.7971015927871943,-0.6038452208771035,102.6,82.0,0,0
2019-05-10,94.6,False,40.4,29.6,34.6,20,0.0,1197.16,0.0,16.6,130,0.7865965660866021,-0.6174672802835514,100.9,80.4,0,0
2019-05-11,84.7,False,38.5,24.9,32.1,30,0.0,1030.41,0.0,14.100000000000001,131,0.7758587728069828,-0.6309066211876704,94.6,78.0,1,0
2019-05-12,116.6,False,38.4,24.8,31.7,31,0.0,1004.89,0.0,13.7,132,0.7648913904341226,-0.6441592666722685,84.7,98.5,1,0
2019-05-13,129.0,False,38.2,25.0,32.1,31,0.0,1030.41,0.0,14.100000000000001,133,0.753697664392914,-0.6572212950663319,116.6,99.3,0,0
2019-05-14,130.4,False,35.6,24.4,29.9,44,0.0,894.0099999999999,0.0,11.899999999999999,134,0.742280907086982,-0.6700888411055113,129.0,102.4,0,0
2019-05-15,115.2,False,36.7,24.0,30.3,46,0.0,918.09,0.0,12.3,135,0.7306444969184916,-0.6827580970759147,130.4,102.6,0,0
2019-05-16,109.3,False,36.8,25.0,30.1,47,0.0,906.0100000000001,0.0,12.100000000000001,136,0.7187918772884232,-0.6952253139408723,115.2,100.9,0,0
2019-05-17,100.7,False,34.6,24.2,28.2,59,2.2,795.24,0.0,10.2,137,0.7067265555776159,-0.7074868024503348,109.3,94.6,0,0
2019-05-18,98.9,False,33.6,21.6,27.5,61,0.0,756.25,0.0,9.5,138,0.6944521021088763,-0.719538934232584,100.7,84.7,1,0
2019-05-19,91.9,False,36.6,23.6,30.1,43,0.0,906.0100000000001,0.0,12.100000000000001,139,0.6819721490904629,-0.7313781428679254,98.9,116.6,1,0
2019-05-20,99.3,False,38.9,23.1,31.7,36,0.0,1004.89,0.0,13.7,140,0.6692903895412567,-0.7430009249440493,91.9,129.0,0,0
2019-05-21,106.7,False,39.6,25.5,32.7,31,0.0,1069.2900000000002,0.0,14.700000000000003,141,0.6564105761979381,-0.7544038410927472,99.3,130.4,0,0
2019-05-22,111.4,False,39.5,27.0,32.9,35,0.0,1082.4099999999999,0.0,14.899999999999999,142,0.6433365204044917,-0.765583517007675,106.7,115.2,0,0
2019-05-23,109.7,False,39.3,26.1,33.1,38,0.0,1095.6100000000001,0.0,15.100000000000001,143,0.6300720909843687,-0.7765366444428655,111.4,109.3,0,0
2019-05-24,103.2,False,35.2,26.4,30.8,46,0.0,948.6400000000001,0.0,12.8,144,0.6166212130956382,-0.7872599821916922,109.7,100.7,0,0
2019-05-25,98.7,False,36.6,25.0,31.1,40,0.0,967.21,0.0,13.100000000000001,145,0.6029878670694714,-0.7977503570459932,103.2,98.9,1,0
2019-05-26,46.1,False,38.3,24.5,31.5,34,0.0,992.25,0.0,13.5,146,0.5891760872322963,-0.8080046647350754,98.7,91.9,1,0
2019-05-27,48.7,False,40.8,26.0,33.5,28,0.0,1122.25,0.0,15.5,147,0.5751899607119775,-0.8180198708443175,46.1,99.3,0,0
2019-05-28,46.0,False,40.7,25.4,33.3,21,0.0,1108.8899999999999,0.0,15.299999999999997,148,0.5610336262283677,-0.8277930117131022,48.7,106.7,0,0
2019-05-29,46.1,False,42.0,26.0,34.4,21,0.0,1183.36,0.0,16.4,149,0.5467112728685939,-0.8373211953118121,46.0,111.4,0,0
2019-05-30,44.1,False,43.4,26.0,35.1,23,0.0,1232.01,0.0,17.1,150,0.5322271388474397,-0.8466016020976267,46.1,109.7,0,0
2019-05-31,44.4,False,44.0,27.5,36.0,23,0.0,1296.0,0.0,18.0,151,0.5175855102531889,-0.8556314858488706,44.1,103.2,0,0
2019-06-01,43.4,True,43.6,27.4,35.0,34,0.0,1225.0,0.0,17.0,152,0.5027907197793043,-0.8644081744776648,44.4,98.7,1,0
2019-06-02,42.4,False,42.0,28.8,35.1,42,0.0,1232.01,0.0,17.1,153,0.4878471454423119,-0.8729290708206411,43.4,46.1,1,0
2019-06-03,78.4,False,41.0,29.1,34.0,48,0.0,1156.0,0.0,16.0,154,0.47275920928627757,-0.881191653407483,42.4,48.7,0,0
2019-06-04,75.9,False,41.7,29.5,34.4,44,0.0,1183.36,0.0,16.4,155,0.4575313760742512,-0.8891934772070711,78.4,46.0,0,0
2019-06-05,74.2,False,41.2,28.1,35.0,42,0.0,1225.0,0.0,17.0,156,0.44216815196707204,-0.8969321743510065,75.9,46.1,0,0
2019-06-06,75.9,False,41.7,29.9,35.2,39,0.0,1239.0400000000002,0.0,17.200000000000003,157,0.42667408318992467,-0.9044054548343001,74.2,44.1,0,0
2019-06-07,76.0,False,41.0,26.6,33.6,46,0.0,1128.96,0.0,15.600000000000001,158,0.4110537546870351,-0.9116111071930239,75.9,44.4,0,0
2019-06-08,69.1,False,41.4,27.5,34.9,38,0.0,1218.01,0.0,16.9,159,0.3953117887649151,-0.9185469991587165,76.0,43.4,1,0
2019-06-09,60.8,False,43.0,27.8,35.9,28,0.0,1288.81,0.0,17.9,160,0.37945284372454435,-0.925211078289358,69.1,42.4,1,0
2019-06-10,67.9,False,44.1,27.5,36.5,27,0.0,1332.25,0.0,18.5,161,0.36348161248290634,-0.9316013725767187,60.8,78.4,0,0
2019-06-11,67.7,False,43.3,28.3,36.8,27,0.0,1354.2399999999998,0.0,18.799999999999997,162,0.3474028211842774,-0.9377159910299093,67.9,75.9,0,0
2019-06-12,70.8,False,38.2,29.5,34.4,48,3.1,1183.36,0.0,16.4,163,0.3312212278016865,-0.9435531242349544,67.7,74.2,0,0
2019-06-13,70.4,False,41.0,28.8,35.4,39,0.0,1253.1599999999999,0.0,17.4,164,0.31494162072895193,-0.9491110448902284,70.8,75.9,0,0
2019-06-14,72.5,False,42.2,30.7,36.0,30,0.0,1296.0,0.0,18.0,165,0.2985688173637202,-0.9543881083175908,70.4,76.0,0,0
2019-06-15,58.6,False,42.7,29.3,36.6,22,0.0,1339.5600000000002,0.0,18.6,166,0.2821076626819194,-0.9593827529490743,72.5,69.1,1,0
2019-06-16,63.7,False,38.4,29.1,33.9,42,0.0,1149.2099999999998,0.0,15.899999999999999,167,0.26556302780405594,-0.9640935007889755,58.6,60.8,1,0
2019-06-17,102.8,False,39.0,28.9,33.8,46,0.0,1142.4399999999998,0.0,15.799999999999997,168,0.24893980855376657,-0.9685189578512204,63.7,67.9,0,0
2019-06-18,110.8,False,35.9,24.7,30.6,54,0.0,936.3600000000001,0.0,12.600000000000001,169,0.23224292400907015,-0.9726578145718654,102.8,67.7,0,0
2019-06-19,114.0,False,37.0,25.7,31.1,54,0.0,967.21,0.0,13.100000000000001,170,0.21547731504673012,-0.976508846196619,110.8,70.8,0,0
2019-06-20,114.5,False,37.7,24.8,31.8,49,0.0,1011.24,0.0,13.8,171,0.19864794288017112,-0.9800709131432666,114.0,70.4,0,0
2019-06-21,105.5,False,38.7,27.6,33.4,48,0.2,1115.56,0.0,15.399999999999999,172,0.18175978759137534,-0.9833429613388902,114.5,72.5,0,0
2019-06-22,109.2,False,39.9,28.3,34.4,41,0.0,1183.36,0.0,16.4,173,0.16481784665719793,-0.9863240225317866,105.5,58.6,1,0
2019-06-23,99.9,False,38.7,29.0,33.9,50,0.0,1149.2099999999998,0.0,15.899999999999999,174,0.14782713347053048,-0.9890132145779883,109.2,63.7,1,0
2019-06-24,77.7,False,36.5,27.1,31.5,60,0.8,992.25,0.0,13.5,175,0.13079267585675922,-0.9914097417023038,99.9,102.8,0,0
2019-06-25,75.9,False,36.6,27.8,32.4,61,1.1,1049.76,0.0,14.399999999999999,176,0.11371951458594969,-0.9935128947338007,77.7,110.8,0,0
2019-06-26,76.6,False,39.9,29.2,34.3,50,1.2,1176.4899999999998,0.0,16.299999999999997,177,0.0966127018812031,-0.9953220513156602,75.9,114.0,0,0
2019-06-27,75.0,False,40.5,28.7,34.6,40,0.0,1197.16,0.0,16.6,178,0.07947729992362097,-0.9968366760893436,76.6,114.5,0,0
2019-06-28,76.0,False,42.4,28.6,35.5,38,0.0,1260.25,0.0,17.5,179,0.062318379354325076,-0.998056320853012,75.0,105.5,0,0
2019-06-29,71.4,False,41.8,30.3,36.5,36,0.0,1332.25,0.0,18.5,180,0.04514101777397193,-0.9989806246941579,76.0,109.2,1,0
2019-06-30,60.3,False,43.2,30.0,36.8,36,0.0,1354.2399999999998,0.0,18.799999999999997,181,0.02795029824021032,-0.999609314096404,71.4,99.9,1,0
2019-07-01,103.8,False,41.4,30.0,35.6,45,0.0,1267.3600000000001,0.0,17.6,182,0.01075130776352193,-0.9999422030204416,60.3,77.7,0,0
2019-07-02,110.9,False,39.9,30.7,35.5,47,0.0,1260.25,0.0,17.5,183,-0.00645086419810515,-0.9999791929590823,103.8,75.9,0,0
2019-07-03,117.8,False,36.5,30.4,33.7,57,2.6,1135.6900000000003,0.0,15.700000000000003,184,-0.023651127245231586,-0.9997202729664083,110.9,76.6,0,0
2019-07-04,115.7,False,39.0,29.3,33.2,60,2.5,1102.2400000000002,0.0,15.200000000000003,185,-0.04084439154329611,-0.9991655196610109,117.8,75.0,0,0
2019-07-05,117.0,False,35.2,27.9,31.1,72,5.0,967.21,0.0,13.100000000000001,186,-0.05802556932878035,-0.9983150972033183,115.7,76.0,0,0
2019-07-06,110.1,False,34.9,27.5,30.9,71,0.5,954.81,0.0,12.899999999999999,187,-0.07518957641475855,-0.9971692572470178,117.0,71.4,1,0
2019-07-07,102.1,False,35.9,26.6,31.3,69,0.4,979.69,0.0,13.3,188,-0.09233133369539123,-0.9957283388645872,110.1,60.3,1,0
2019-07-08,58.849999999999994,False,36.8,27.8,31.9,69,2.3,1017.6099999999999,0.0,13.899999999999999,189,-0.10944576864891556,-0.993992768446958,102.1,103.8,0,0
2019-07-09,57.7,False,35.7,27.2,30.9,73,6.8,954.81,0.0,12.899999999999999,190,-0.12652781683868314,-0.9919630595773397,58.849999999999994,110.9,0,0
2019-07-10,59.7,False,35.4,27.2,31.1,75,7.8,967.21,0.0,13.100000000000001,191,-0.1435724234118113,-0.9896398128792412,57.7,117.8,0,0
2019-07-11,61.85,False,38.5,28.2,33.2,60,0.0,1102.2400000000002,0.0,15.200000000000003,192,-0.16057454459499376,-0.9870237158387383,59.7,115.7,0,0
2019-07-12,63.1,False,38.0,29.2,32.9,56,0.8,1082.4099999999999,0.0,14.899999999999999,193,-0.17752914918703497,-0.984115542601034,61.85,117.0,0,0
2019-07-13,63.4,False,38.7,30.0,34.0,49,0.0,1156.0,0.0,16.0,194,-0.19443122004766195,-0.9809161537413774,63.1,110.1,1,0
2019-07-14,64.0,False,36.7,29.0,32.7,55,0.2,1069.2900000000002,0.0,14.700000000000003,195,-0.2112757555821793,-0.9774264960104055,63.4,102.1,1,0
2019-07-15,60.4,False,36.1,25.3,29.5,75,5.0,870.25,0.0,11.5,196,-0.2280577712215198,-0.9736476020539838,64.0,58.849999999999994,0,0
2019-07-16,58.0,False,28.5,24.7,26.5,89,25.2,702.25,0.0,8.5,197,-0.24477230089725957,-0.9695805901076308,60.4,57.7,0,0
2019-07-17,61.6,False,29.9,24.8,27.1,86,6.8,734.4100000000001,0.0,9.100000000000001,198,-0.2614143985111562,-0.965226663665613,58.0,59.7,0,0
2019-07-18,61.7,False,32.4,24.7,27.4,84,14.4,750.7599999999999,0.0,9.399999999999999,199,-0.2779791393987801,-0.9605871111248129,61.6,61.85,0,0
2019-07-19,60.1,False,33.3,25.2,29.3,81,5.9,858.49,0.0,11.3,200,-0.2944616217868012,-0.9556633054034704,61.7,63.1,0,0
2019-07-20,46.1,False,34.0,26.0,30.1,81,17.1,906.0100000000001,0.0,12.100000000000001,201,-0.3108569682435036,-0.9504567035349151,60.1,63.4,1,0
2019-07-21,54.4,False,33.0,27.2,29.9,81,5.0,894.0099999999999,0.0,11.899999999999999,202,-0.3271603271220951,-0.9449688462364056,46.1,64.0,1,0
2019-07-22,57.9,False,34.0,27.4,30.3,81,3.9,918.09,0.0,12.3,203,-0.34336687399638804,-0.939201357453208,54.4,60.4,0,0
2019-07-23,58.2,False,35.7,28.0,31.7,78,2.3,1004.89,0.0,13.7,204,-0.3594718130884232,-0.9331559438780432,57.9,58.0,0,0
2019-07-24,64.2,False,37.0,28.1,31.3,77,12.2,979.69,0.0,13.3,205,-0.3754703786876202,-0.9268343944460494,58.2,61.6,0,0
2019-07-25,65.0,False,30.2,26.1,27.8,86,8.2,772.84,0.0,9.8,206,-0.3913578365610259,-0.9202385798054075,64.2,61.7,0,0
2019-07-26,65.3,False,30.0,25.4,27.3,88,24.6,745.2900000000001,0.0,9.3,207,-0.4071294853542516,-0.9133704517637858,65.0,60.1,0,0
2019-07-27,65.0,False,30.3,25.2,26.9,89,5.7,723.6099999999999,0.0,8.899999999999999,208,-0.4227806579826773,-0.9062320427107697,65.3,46.1,1,0
2019-07-28,65.6,False,32.0,25.8,28.4,86,6.4,806.56,0.0,10.399999999999999,209,-0.4383067230125192,-0.898825465016444,65.0,54.4,1,0
2019-07-29,61.1,False,33.2,26.2,29.4,78,1.9,864.3599999999999,0.0,11.399999999999999,210,-0.45370308603134424,-0.8911529104063088,65.6,57.9,0,0
2019-07-30,59.2,False,32.4,26.4,29.1,78,0.8,846.8100000000001,0.0,11.100000000000001,211,-0.46896519100763184,-0.8832166493127127,61.1,58.2,0,0
2019-07-31,114.8,False,32.0,27.1,29.1,78,0.7,846.8100000000001,0.0,11.100000000000001,212,-0.48408852163897587,-0.8750190302029955,59.2,64.2,0,0
2019-08-01,99.3,False,32.5,26.8,29.4,82,4.1,864.3599999999999,0.0,11.399999999999999,213,-0.4990686026885319,-0.8665624788845385,114.8,65.0,0,0
2019-08-02,106.4,False,31.6,26.6,28.8,85,13.6,829.44,0.0,10.8,214,-0.5139010013093103,-0.8578494977869301,99.3,65.3,0,0
2019-08-03,112.0,False,30.9,26.5,28.3,89,3.9,800.89,0.0,10.3,215,-0.5285813283559292,-0.8488826652214553,106.4,65.0,1,0
2019-08-04,122.7,False,32.5,26.2,28.9,88,5.4,835.2099999999999,0.0,10.899999999999999,216,-0.5431052396834317,-0.8396646346181327,112.0,65.6,1,0
2019-08-05,118.5,False,33.0,26.6,29.4,86,15.2,864.3599999999999,0.0,11.399999999999999,217,-0.5574684374327892,-0.8301981337405212,122.7,61.1,0,0
2019-08-06,121.0,False,30.9,25.8,27.9,89,14.7,778.41,0.0,9.899999999999999,218,-0.5716666713027052,-0.8204859638785327,118.5,59.2,0,0
2019-08-07,98.35,True,30.9,25.7,28.3,89,8.1,800.89,0.0,10.3,219,-0.5856957398073508,-0.8105309990194823,121.0,114.8,0,0
2019-08-08,75.7,False,33.9,27.2,30.3,78,0.7,918.09,0.0,12.3,220,-0.5995514915196489,-0.8003361849976323,98.35,99.3,0,0
2019-08-09,78.7,False,31.8,27.8,29.5,74,0.6,870.25,0.0,11.5,221,-0.6132298262997502,-0.7899045386224707,75.7,106.4,0,0
2019-08-10,81.3,False,32.5,25.9,28.8,80,2.4,829.44,0.0,10.8,222,-0.6267266965083301,-0.7792391467859886,78.7,112.0,1,0
2019-08-11,82.3,False,32.9,26.5,29.6,80,1.8,876.1600000000001,0.0,11.600000000000001,223,-0.6400381082043503,-0.7683431655492202,81.3,122.7,1,0
2019-08-12,84.8,False,32.1,27.0,29.4,81,5.0,864.3599999999999,0.0,11.399999999999999,224,-0.65316012232693,-0.7572198192083127,82.3,118.5,0,0
2019-08-13,91.7,False,33.4,26.7,29.0,84,19.6,841.0,0.0,11.0,225,-0.666088855860977,-0.7458723993404063,84.8,121.0,0,0
2019-08-14,95.2,False,32.0,25.5,28.5,88,5.2,812.25,0.0,10.5,226,-0.6788204829862357,-0.734304263829602,91.7,98.35,0,0
2019-08-15,62.6,False,32.2,27.0,29.1,83,8.6,846.8100000000001,0.0,11.100000000000001,227,-0.6913512362094071,-0.722518835873311,95.2,75.7,0,0
2019-08-16,64.0,False,31.3,26.2,28.1,83,5.9,789.6100000000001,0.0,10.100000000000001,228,-0.7036774074790128,-0.7105196029692745,62.6,78.7,0,0
2019-08-17,65.1,False,28.2,25.4,26.3,89,9.0,691.69,0.0,8.3,229,-0.7157953492826642,-0.6983101158835584,64.0,81.3,1,0
2019-08-18,63.6,False,30.8,24.5,26.9,88,30.4,723.6099999999999,0.0,8.899999999999999,230,-0.7277014757264236,-0.6858939875998223,65.1,82.3,1,0
2019-08-19,64.3,False,31.8,24.1,28.1,85,0.4,789.6100000000001,0.0,10.100000000000001,231,-0.7393922635959241,-0.673274892250183,63.6,84.8,0,0
2019-08-20,60.7,False,32.7,25.5,28.5,83,0.6,812.25,0.0,10.5,232,-0.7508642533989489,-0.6604565640279754,64.3,91.7,0,0
2019-08-21,59.4,False,34.2,24.8,29.3,79,0.0,858.49,0.0,11.3,233,-0.7621140503891487,-0.6474427960827475,60.7,95.2,0,0
2019-08-22,67.6,False,32.1,25.5,28.6,86,1.0,817.96,0.0,10.600000000000001,234,-0.7731383255706027,-0.6342374393978054,59.4,62.6,0,0
2019-08-23,70.2,False,33.1,25.7,29.3,84,5.5,858.49,0.0,11.3,235,-0.7839338166829201,-0.620844401650647,67.6,64.0,0,0
2019-08-24,70.2,False,33.1,26.5,29.2,84,2.8,852.64,0.0,11.2,236,-0.7944973291665992,-0.6072676460566135,70.2,65.1,1,0
2019-08-25,73.2,False,30.1,26.2,27.6,88,13.6,761.7600000000001,0.0,9.600000000000001,237,-0.8048257371083452,-0.593511190196115,70.2,63.6,1,0
2019-08-26,74.8,False,32.5,25.8,29.1,82,0.7,846.8100000000001,0.0,11.100000000000001,238,-0.8149159841660791,-0.5795791048257612,73.2,64.3,0,0
2019-08-27,70.7,False,33.6,26.2,29.9,81,0.1,894.0099999999999,0.0,11.899999999999999,239,-0.8247650844733614,-0.5654755126737576,74.8,60.7,0,0
2019-08-28,70.0,False,34.4,26.8,30.6,78,0.4,936.3600000000001,0.0,12.600000000000001,240,-0.8343701235229537,-0.5512045872199277,70.7,59.4,0,0
2019-08-29,124.6,False,33.9,27.3,30.2,81,1.0,912.04,0.0,12.2,241,-0.8437282590292712,-0.5367705514607103,70.0,67.6,0,0
2019-08-30,125.1,False,33.9,26.5,30.3,81,1.1,918.09,0.0,12.3,242,-0.8528367217694595,-0.522177676659508,124.6,70.2,0,0
2019-08-31,121.0,False,33.3,26.7,30.4,79,5.4,924.16,0.0,12.399999999999999,243,-0.8616928164028521,-0.5074302810827518,125.1,70.2,1,0
2019-09-01,113.9,False,31.5,26.5,28.6,87,6.2,817.96,0.0,10.600000000000001,244,-0.8702939222685674,-0.49253272872205434,121.0,73.2,1,0
2019-09-02,113.4,False,33.4,25.7,29.7,83,1.4,882.0899999999999,0.0,11.7,245,-0.8786374941610001,-0.4774894280028391,113.9,74.8,0,0
2019-09-03,108.1,False,34.0,27.0,30.4,80,7.2,924.16,0.0,12.399999999999999,246,-0.886721063082993,-0.46230483047981086,113.4,70.7,0,0
2019-09-04,94.0,False,31.9,25.7,29.0,85,5.1,841.0,0.0,11.0,247,-0.8945422369764496,-0.4469834295196742,108.1,70.0,0,0
2019-09-05,59.2,False,32.7,26.7,29.5,83,0.6,870.25,0.0,11.5,248,-0.9020987014301837,-0.4315297589714715,94.0,124.6,0,0
2019-09-06,60.2,False,33.0,26.9,29.8,82,1.0,888.0400000000001,0.0,11.8,249,-0.9093882203647925,-0.4159483918249421,59.2,125.1,0,0
2019-09-07,60.45,True,32.1,26.5,28.8,86,3.7,829.44,0.0,10.8,250,-0.9164086366943458,-0.4002439388573056,60.2,121.0,1,0
2019-09-08,60.7,False,33.1,26.1,29.2,84,0.4,852.64,0.0,11.2,251,-0.9231578729647039,-0.38442104726885545,60.45,113.9,1,0
2019-09-09,60.6,False,34.2,26.2,30.2,80,0.1,912.04,0.0,12.2,252,-0.9296339319682695,-0.3684843993077793,60.7,113.4,0,0
2019-09-10,63.4,False,34.8,26.6,30.5,77,0.0,930.25,0.0,12.5,253,-0.9358348973349941,-0.35243871088460327,60.6,108.1,0,0
2019-09-11,59.1,False,35.5,26.6,31.1,76,0.3,967.21,0.0,13.100000000000001,254,-0.9417589340994617,-0.33628873017668287,63.4,94.0,0,0
2019-09-12,118.5,False,33.5,27.3,30.1,81,0.3,906.0100000000001,0.0,12.100000000000001,255,-0.9474042892438845,-0.32003923622313857,59.1,59.2,0,0
2019-09-13,108.0,False,33.9,26.4,29.9,77,0.3,894.0099999999999,0.0,11.899999999999999,256,-0.9527692922168511,-0.30369503751065885,118.5,60.2,0,0
2019-09-14,91.6,False,32.3,25.9,28.7,79,1.0,823.6899999999999,0.0,10.7,257,-0.9578523554276669,-0.28726097055059635,108.0,60.45,1,0
2019-09-15,100.6,False,31.7,25.4,28.2,83,5.5,795.24,0.0,10.2,258,-0.9626519747161487,-0.2707418984477642,91.6,60.7,1,0
2019-09-16,108.6,False,33.2,25.0,29.2,82,0.5,852.64,0.0,11.2,259,-0.9671667297977312,-0.2541427094613622,100.6,60.6,0,0
2019-09-17,111.1,False,32.9,26.2,29.2,81,3.6,852.64,0.0,11.2,260,-0.97139528468375,-0.23746831555846842,108.6,63.4,0,0
2019-09-18,105.6,False,31.9,26.0,28.5,81,4.2,812.25,0.0,10.5,261,-0.9753363880767837,-0.2207236509605022,111.1,59.1,0,0
2019-09-19,97.2,False,30.3,24.8,27.0,80,1.4,729.0,0.0,9.0,262,-0.9789888737409319,-0.20391367068311472,105.6,118.5,0,0
2019-09-20,89.2,False,30.8,23.2,27.0,84,7.2,729.0,0.0,9.0,263,-0.9823516608469237,-0.18704334906991657,97.2,108.0,0,0
2019-09-21,73.7,False,31.4,24.7,27.7,82,0.9,767.29,0.0,9.7,264,-0.9854237542919524,-0.17011767832049052,89.2,91.6,1,0
2019-09-22,74.4,False,29.8,25.2,27.1,84,15.5,734.4100000000001,0.0,9.100000000000001,265,-0.9882042449941422,-0.15314166701312007,73.7,100.6,1,0
2019-09-23,75.2,False,30.8,23.6,26.7,83,1.7,712.89,0.0,8.7,266,-0.9906923101615609,-0.13612033862266704,74.4,108.6,0,0
2019-09-24,78.7,False,31.4,23.4,27.0,82,3.8,729.0,0.0,9.0,267,-0.9928872135356962,-0.11905873003404988,75.2,111.1,0,0
2019-09-25,79.2,False,30.9,24.0,27.1,82,3.5,734.4100000000001,0.0,9.100000000000001,268,-0.994788305609327,-0.10196189005174576,78.7,105.6,0,0
2019-09-26,85.8,False,30.9,25.2,27.7,76,0.9,767.29,0.0,9.7,269,-0.9963950238187231,-0.08483487790576538,79.2,97.2,0,0
2019-09-27,86.0,False,30.4,24.3,26.7,78,0.8,712.89,0.0,8.7,270,-0.9977068927101168,-0.06768276175455162,85.8,89.2,0,0
2019-09-28,88.3,False,29.5,22.9,25.7,82,1.4,660.49,0.0,7.699999999999999,271,-0.9987235240803972,-0.050510617185222886,86.0,73.7,1,0
2019-09-29,87.9,False,27.0,23.2,25.0,83,3.5,625.0,0.0,7.0,272,-0.9994446170919858,-0.033323525711631344,88.3,74.4,1,0
2019-09-30,86.4,False,29.5,22.8,25.2,84,7.0,635.04,0.0,7.199999999999999,273,-0.9998699583618592,-0.016126573270657762,87.9,75.2,0,0
2019-10-01,80.7,False,28.8,22.4,25.2,85,3.1,635.04,0.0,7.199999999999999,274,-0.9999994220246925,0.001075151282798226,86.4,78.7,0,0
2019-10-02,75.3,False,30.8,22.5,26.5,81,0.3,702.25,0.0,8.5,275,-0.999832969770105,0.018276557681691223,80.7,79.2,0,0
2019-10-03,68.9,False,32.7,22.9,27.7,74,0.0,767.29,0.0,9.7,276,-0.9993706508539969,0.03547255575312556,75.3,85.8,0,0
2019-10-04,72.2,False,30.5,23.3,26.4,72,2.1,696.9599999999999,0.0,8.399999999999999,277,-0.9986126020839734,0.052658056924614005,68.9,86.0,0,0
2019-10-05,72.3,False,32.1,22.0,26.2,66,0.0,686.4399999999999,0.0,8.2,278,-0.9975590477788613,0.06982797572987089,72.2,88.3,1,0
2019-10-06,72.2,False,32.5,21.1,26.3,64,0.0,691.69,0.0,8.3,279,-0.9962102997023297,0.0869772313136861,72.3,87.9,1,0
2019-10-07,73.05000000000001,True,31.8,22.1,26.4,63,0.0,696.9599999999999,0.0,8.399999999999999,280,-0.9945667569706337,0.1041007489354256,72.2,86.4,0,0
2019-10-08,73.9,False,32.0,21.0,26.4,57,0.0,696.9599999999999,0.0,8.399999999999999,281,-0.9926289059345095,0.12119346147073601,73.05000000000001,80.7,0,0
2019-10-09,66.2,False,30.5,20.0,25.8,62,0.1,665.64,0.0,7.800000000000001,282,-0.9903973200352558,0.13825031091098192,73.9,75.3,0,0
2019-10-10,64.6,False,31.4,20.7,26.2,63,0.0,686.4399999999999,0.0,8.2,283,-0.9878726596350429,0.15526624985999563,66.2,68.9,0,0
2019-10-11,110.5,False,32.2,20.1,26.5,59,0.0,702.25,0.0,8.5,284,-0.9850556718215013,0.172236243027682,64.6,72.2,0,0
2019-10-12,106.0,False,33.1,21.4,26.9,61,0.0,723.6099999999999,0.0,8.899999999999999,285,-0.981947190186646,0.18915526872004093,110.5,72.3,1,0
2019-10-13,102.7,False,33.3,22.8,27.4,56,0.0,750.7599999999999,0.0,9.399999999999999,286,-0.9785481345802031,0.20601832032517084,106.0,72.2,1,0
2019-10-14,101.8,False,33.4,20.7,26.9,60,0.0,723.6099999999999,0.0,8.899999999999999,287,-0.9748595108374125,0.22282040779479959,102.7,73.05000000000001,0,0
2019-10-15,100.9,False,33.2,21.2,26.9,65,0.0,723.6099999999999,0.0,8.899999999999999,288,-0.9708824104813836,0.2395565591209271,101.8,73.9,0,0
2019-10-16,88.4,False,33.1,21.4,27.3,62,0.0,745.2900000000001,0.0,9.3,289,-0.9666180104000972,0.2562218218071163,100.9,66.2,0,0
2019-10-17,89.8,False,32.1,21.8,26.8,63,0.0,718.24,0.0,8.8,290,-0.9620675724981452,0.27281126433401914,88.4,64.6,0,0
2019-10-18,74.9,False,31.9,22.5,26.4,66,1.1,696.9599999999999,0.0,8.399999999999999,291,-0.957232443323312,0.2893199776186952,89.8,110.5,0,0
2019-10-19,74.9,False,31.3,21.0,25.7,66,0.8,660.49,0.0,7.699999999999999,292,-0.9521140536681102,0.3057430764672831,74.9,106.0,1,0
2019-10-20,75.4,False,32.8,20.4,25.7,51,0.0,660.49,0.0,7.699999999999999,293,-0.9467139181463862,0.3220757010206104,74.9,102.7,1,0
2019-10-21,76.4,False,32.1,18.7,24.9,53,0.0,620.0099999999999,0.0,6.899999999999999,294,-0.9410336347451197,0.3383130181923075,75.4,101.8,0,0
2019-10-22,77.3,False,31.6,19.1,24.3,51,0.0,590.49,0.0,6.300000000000001,295,-0.9350748843515574,0.3544502230989869,76.4,100.9,0,0
2019-10-23,73.3,False,31.6,17.3,24.1,57,0.0,580.8100000000001,0.0,6.100000000000001,296,-0.9288394302558068,0.3704825404820963,77.3,88.4,0,0
2019-10-24,71.7,False,30.7,17.7,23.9,68,0.0,571.2099999999999,0.0,5.899999999999999,297,-0.9223291176290545,0.3864052261209853,73.3,89.8,0,0
2019-10-25,115.5,False,29.8,19.0,24.0,66,0.0,576.0,0.0,6.0,298,-0.9155458729775467,0.40221356823680365,71.7,74.9,0,0
2019-10-26,117.8,False,29.9,18.4,24.2,66,0.0,585.64,0.0,6.199999999999999,299,-0.9084917035725082,0.41790288888678667,115.5,74.9,1,0
2019-10-27,113.9,False,31.5,18.7,24.4,61,0.0,595.3599999999999,0.0,6.399999999999999,300,-0.9011686968561569,0.4334685453485363,117.8,75.4,1,0
2019-10-28,98.7,False,30.3,18.0,23.8,64,0.0,566.44,0.0,5.800000000000001,301,-0.8935790198239952,0.4489059314938798,113.9,76.4,0,0
2019-10-29,107.7,False,29.6,19.1,24.1,71,0.0,580.8100000000001,0.0,6.100000000000001,302,-0.8857249183835637,0.4642104791518923,98.7,77.3,0,0
2019-10-30,99.2,False,30.8,21.0,25.0,70,0.0,625.0,0.0,7.0,303,-0.8776087166898392,0.4793776594606945,107.7,73.3,0,0
2019-10-31,89.1,False,30.9,18.4,24.0,71,0.0,576.0,0.0,6.0,304,-0.8692328164574792,0.4944029842076182,99.2,71.7,0,0
2019-11-01,52.4,False,31.1,18.0,24.3,69,0.0,590.49,0.0,6.300000000000001,305,-0.8605996962501181,0.5092820071573356,89.1,115.5,0,0
2019-11-02,56.4,False,30.1,19.7,24.3,70,0.1,590.49,0.0,6.300000000000001,306,-0.8517119107469189,0.5240103253675756,52.4,117.8,1,0
2019-11-03,60.8,False,28.8,19.1,23.7,72,0.0,561.6899999999999,0.0,5.699999999999999,307,-0.8425720899866032,0.5385835804920232,56.4,113.9,1,0
2019-11-04,62.8,False,29.1,19.0,23.6,64,0.0,556.96,0.0,5.600000000000001,308,-0.8331829385891785,0.5529974600700271,60.8,98.7,0,0
2019-11-05,63.0,False,29.3,18.1,22.9,58,0.0,524.41,0.0,4.899999999999999,309,-0.8235472349556007,0.5672476988027229,62.8,107.7,0,0
2019-11-06,65.2,False,29.7,17.0,23.1,61,0.0,533.61,0.0,5.100000000000001,310,-0.8136678304455991,0.5813300798152042,63.0,99.2,0,0
2019-11-07,63.650000000000006,True,26.4,19.2,22.1,73,0.9,488.4100000000001,0.0,4.100000000000001,311,-0.8035476485339116,0.5952404359043674,65.2,89.1,0,0
2019-11-08,62.1,False,27.1,17.0,21.9,73,0.4,479.60999999999996,0.0,3.8999999999999986,312,-0.7931896839451843,0.6089746507720486,63.650000000000006,52.4,0,0
2019-11-09,63.2,False,28.6,17.1,21.8,61,0.0,475.24,0.0,3.8000000000000007,313,-0.7825970017677834,0.6225286602431057,62.1,56.4,1,0
2019-11-10,59.9,False,27.5,15.4,20.7,62,0.0,428.48999999999995,0.0,2.6999999999999993,314,-0.7717727365467837,0.6358984534680745,63.2,60.8,1,0
2019-11-11,62.0,False,26.6,15.0,19.9,62,0.0,396.00999999999993,0.0,1.8999999999999986,315,-0.7607200913564104,0.6490800741100398,59.9,62.8,0,0
2019-11-12,63.2,False,27.2,12.5,19.2,66,0.0,368.64,0.0,1.1999999999999993,316,-0.7494423368521953,0.6620696215153815,62.0,63.0,0,0
2019-11-13,60.6,False,26.8,14.3,20.2,70,0.0,408.03999999999996,0.0,2.1999999999999993,317,-0.7379428103031386,0.6748632518680403,63.2,65.2,0,0
2019-11-14,60.4,False,27.3,16.7,21.0,72,0.0,441.0,0.0,3.0,318,-0.7262249146041543,0.6874571793269664,60.6,63.650000000000006,0,0
2019-11-15,58.5,False,26.7,16.8,20.8,75,0.0,432.64000000000004,0.0,2.8000000000000007,319,-0.7142921172691032,0.699847677146407,60.4,62.1,0,0
2019-11-16,61.2,False,28.7,16.6,21.8,65,0.0,475.24,0.0,3.8000000000000007,320,-0.7021479494046978,0.712031078778713,58.5,63.2,1,0
2019-11-17,61.4,False,27.9,17.4,21.5,61,0.0,462.25,0.0,3.5,321,-0.6897960046655887,0.7240037789593305,61.2,59.9,1,0
2019-11-18,62.2,False,25.8,15.1,19.7,65,0.0,388.09,0.0,1.6999999999999993,322,-0.6772399381909491,0.7357622347736525,61.4,62.0,0,0
2019-11-19,61.4,False,25.9,14.0,19.1,69,0.0,364.81000000000006,0.0,1.1000000000000014,323,-0.6644834655228552,0.7473029667054297,62.2,63.2,0,0
2019-11-20,64.2,False,25.6,12.3,18.6,69,0.0,345.96000000000004,0.0,0.6000000000000014,324,-0.6515303615068021,0.75862255966641,61.4,60.6,0,0
2019-11-21,59.4,False,25.9,13.3,19.1,70,0.0,364.81000000000006,0.0,1.1000000000000014,325,-0.6383844591746642,0.769717664006921,64.2,60.4,0,0
2019-11-22,57.5,False,26.8,14.3,20.2,68,0.0,408.03999999999996,0.0,2.1999999999999993,326,-0.6250496486104377,0.7805849965070866,59.4,58.5,0,0
2019-11-23,66.8,False,26.0,15.5,20.4,64,0.0,416.15999999999997,0.0,2.3999999999999986,327,-0.6115298757991053,0.7912213413483807,57.5,61.2,1,0
2019-11-24,67.1,False,26.0,15.9,20.5,66,0.0,420.25,0.0,2.5,328,-0.5978291414589552,0.801623551065242,66.8,61.4,1,0
2019-11-25,66.5,False,25.5,14.3,19.9,67,0.0,396.00999999999993,0.0,1.8999999999999986,329,-0.5839514998576998,0.8117885474764613,67.1,62.2,0,0
2019-11-26,67.0,False,24.9,15.9,20.0,67,0.8,400.0,0.0,2.0,330,-0.5699010576127624,0.821713322596059,66.5,61.4,0,0
2019-11-27,68.5,False,25.3,15.0,19.7,68,0.0,388.09,0.0,1.6999999999999993,331,-0.5556819724760489,0.8313949395234058,67.0,64.2,0,0
2019-11-28,64.9,False,22.7,16.2,18.3,83,16.9,334.89000000000004,0.0,0.3000000000000007,332,-0.5412984521036173,0.8408305333122887,68.5,59.4,0,0
2019-11-29,61.6,False,22.9,13.5,17.5,83,0.0,306.25,0.5,0.0,333,-0.5267547528105542,0.8500173118187018,64.9,57.5,0,0
2019-11-30,136.7,False,22.4,13.2,16.8,80,0.0,282.24,1.1999999999999993,0.0,334,-0.5120551783114646,0.8589525565270845,61.6,66.8,1,0
2019-12-01,139.1,False,21.8,11.4,15.4,76,0.0,237.16000000000003,2.5999999999999996,0.0,335,-0.4972040784469378,0.8676336233547726,136.7,67.1,1,0
2019-12-02,135.2,False,21.9,11.0,15.2,72,0.0,231.04,2.8000000000000007,0.0,336,-0.4822058478963526,0.8760579434344281,139.1,66.5,0,0
2019-12-03,136.1,False,22.2,9.9,14.8,70,0.0,219.04000000000002,3.1999999999999993,0.0,337,-0.46706492487743034,0.8842230238742036,135.2,67.0,0,0
2019-12-04,134.7,False,21.6,8.6,14.5,76,0.0,210.25,3.5,0.0,338,-0.451785789832884,0.8921264484954345,136.1,68.5,0,0
2019-12-05,130.7,False,21.2,8.7,14.8,78,0.0,219.04000000000002,3.1999999999999993,0.0,339,-0.4363729641045924,0.8997658785476209,134.7,64.9,0,0
2019-12-06,117.9,False,21.8,10.5,15.5,84,0.0,240.25,2.5,0.0,340,-0.42083100859565564,0.9071390534005044,130.7,61.6,0,0
2019-12-07,93.65,True,22.4,10.2,15.9,82,0.0,252.81,2.0999999999999996,0.0,341,-0.4051645224207563,0.9142437912130223,117.9,136.7,1,0
2019-12-08,69.4,False,22.5,10.3,15.5,80,0.0,240.25,2.5,0.0,342,-0.3893781415452015,0.9210779895789526,93.65,139.1,1,0
2019-12-09,67.7,False,21.8,9.0,14.8,77,0.0,219.04000000000002,3.1999999999999993,0.0,343,-0.37347653741307074,0.9276396261490467,69.4,135.2,0,0
2019-12-10,71.8,False,21.1,8.6,14.6,75,0.0,213.16,3.4000000000000004,0.0,344,-0.3574644155648614,0.9339267592294762,67.7,136.1,0,0
2019-12-11,73.1,False,21.2,8.5,15.2,74,0.0,231.04,2.8000000000000007,0.0,345,-0.34134651424503615,0.9399375283564133,71.8,134.7,0,0
2019-12-12,72.2,False,18.4,12.8,15.6,79,5.0,243.35999999999999,2.4000000000000004,0.0,346,-0.3251276029999093,0.9456701548465688,73.1,130.7,0,0
2019-12-13,72.0,False,19.8,11.2,15.2,87,3.3,231.04,2.8000000000000007,0.0,347,-0.30881248126625377,0.9511229423235357,72.2,117.9,0,0
2019-12-14,73.3,False,17.8,9.6,13.0,84,0.0,169.0,5.0,0.0,348,-0.29240597695107734,0.9562942772197719,72.0,93.65,1,0
2019-12-15,68.5,False,18.5,9.5,13.2,83,0.0,174.23999999999998,4.800000000000001,0.0,349,-0.27591294500296043,0.9611826292540837,73.3,69.4,1,0
2019-12-16,69.5,False,18.4,9.2,12.4,83,0.0,153.76000000000002,5.6,0.0,350,-0.2593382659754056,0.9657865518844574,68.5,67.7,0,0
2019-12-17,68.8,False,18.2,8.2,11.8,83,0.0,139.24,6.199999999999999,0.0,351,-0.2426868445825954,0.9701046827361175,69.5,71.8,0,0
2019-12-18,66.8,False,17.9,7.8,11.9,81,0.0,141.61,6.1,0.0,352,-0.22596360824801906,0.974135744004672,68.8,73.1,0,0
2019-12-19,66.8,False,16.8,5.7,10.9,86,0.0,118.81,7.1,0.0,353,-0.20917350564635637,0.9778785428342386,66.8,72.2,0,0
2019-12-20,62.6,False,17.9,8.1,12.4,83,0.0,153.76000000000002,5.6,0.0,354,-0.19232150523909483,0.9813319716704275,66.8,72.0,0,0
2019-12-21,61.1,False,15.9,10.0,13.0,85,0.1,169.0,5.0,0.0,355,-0.17541259380427843,0.9844950085880858,62.6,73.3,1,0
2019-12-22,62.8,False,18.6,7.9,12.3,86,0.0,151.29000000000002,5.699999999999999,0.0,356,-0.15845177496083632,0.9873667175937016,61.1,68.5,1,0
2019-12-23,62.9,False,18.3,8.1,11.8,84,0.0,139.24,6.199999999999999,0.0,357,-0.14144406768794202,0.9899462489023779,62.8,69.5,0,0
2019-12-24,65.4,False,15.2,5.4,9.3,92,0.0,86.49000000000001,8.7,0.0,358,-0.12439450483979998,0.9922328391893008,62.9,68.8,0,0
2019-12-25,64.8,False,15.1,5.4,8.6,90,0.0,73.96,9.4,0.0,359,-0.10730813165636247,0.9942258118156161,65.4,66.8,0,0
2019-12-26,66.8,False,14.8,4.1,8.3,87,0.0,68.89000000000001,9.7,0.0,360,-0.09019000427034513,0.9959245770286599,64.8,66.8,0,0
2019-12-27,63.8,False,13.3,3.7,7.0,91,0.0,49.0,11.0,0.0,361,-0.07304518821104743,0.9973286321364752,66.8,62.6,0,0
2019-12-28,62.0,False,13.3,3.3,7.1,90,0.0,50.41,10.9,0.0,362,-0.05587875690537313,0.9984375616565666,63.8,61.1,1,0
2019-12-29,128.5,False,13.4,4.0,7.5,89,0.0,56.25,10.5,0.0,363,-0.03869579017652689,0.9992510374388481,62.0,62.8,1,0
2019-12-30,126.9,False,13.1,3.6,7.0,90,0.0,49.0,11.0,0.0,364,-0.021501372740813793,0.999768818762748,128.5,62.9,0,0
2019-12-31,134.9,False,13.1,2.4,7.5,82,0.0,56.25,10.5,0.0,365,-0.004300592702981974,0.9999907524084426,126.9,65.4,0,0
2020-01-01,137.2,False,17.9,2.1,9.8,82,0.0,96.04000000000002,8.2,0.0,1,0.017201575418260506,0.9998520419557735,134.9,64.8,0,0
2020-01-02,132.6,False,19.6,6.7,12.8,79,0.0,163.84000000000003,5.199999999999999,0.0,2,0.03439806061360801,0.9994082116062598,137.2,66.8,0,0
2020-01-03,125.3,False,19.2,8.1,13.9,80,0.2,193.21,4.1,0.0,3,0.051584366869408364,0.9986686402879997,132.6,63.8,0,0
2020-01-04,116.2,False,18.9,8.9,13.2,85,0.1,174.23999999999998,4.800000000000001,0.0,4,0.06875540848113941,0.9976335468520451,125.3,62.0,1,0
2020-01-05,58.0,False,19.7,7.8,13.1,76,0.0,171.60999999999999,4.9,0.0,5,0.08590610426133272,0.9963032375991965,116.2,128.5,1,0
2020-01-06,56.45,True,17.0,9.4,13.2,79,0.0,174.23999999999998,4.800000000000001,0.0,6,0.10303137904317879,0.9946781061893646,58.0,126.9,0,0
2020-01-07,54.9,True,17.5,10.9,13.9,84,1.2,193.21,4.1,0.0,7,0.1201261651823505,0.9927586335250793,56.45,134.9,0,0
2020-01-08,53.35,True,15.1,10.3,12.7,93,16.7,161.29,5.300000000000001,0.0,8,0.13718540405660057,0.9905453876091833,54.9,137.2,0,0
2020-01-09,51.8,True,16.1,7.2,10.6,79,0.0,112.36,7.4,0.0,9,0.1542040475626894,0.988039023376751,53.35,132.6,0,0
2020-01-10,50.25,True,16.8,5.9,10.0,80,0.0,100.0,8.0,0.0,10,0.17117705961019986,0.985240282501282,51.8,125.3,0,0
2020-01-11,48.7,True,17.0,5.6,10.3,79,0.0,106.09000000000002,7.699999999999999,0.0,11,0.18809941761179758,0.9821499931752291,50.25,116.2,1,0
2020-01-12,47.15,True,19.7,5.8,11.6,79,0.0,134.56,6.4,0.0,12,0.20496611396949532,0.9787690698649216,48.7,58.0,1,0
2020-01-13,45.6,False,20.7,8.0,14.0,84,15.8,196.0,4.0,0.0,13,0.22177215755648186,0.975098513039961,47.15,56.45,0,0
2020-01-14,53.3,False,18.5,10.4,14.1,87,0.3,198.81,3.9000000000000004,0.0,14,0.23851257519407648,0.9711394088771653,45.6,54.9,0,0
2020-01-15,58.8,False,18.7,7.4,12.5,84,0.0,156.25,5.5,0.0,15,0.2551824131233728,0.9668929289391521,53.3,53.35,0,0
2020-01-16,61.1,False,15.8,9.6,12.5,90,17.4,156.25,5.5,0.0,16,0.2717767384711357,0.9623603298276545,58.8,51.8,0,0
2020-01-17,58.3,False,17.9,10.0,13.0,90,0.1,169.0,5.0,0.0,17,0.2882906407095177,0.9575429528116719,61.1,50.25,0,0
2020-01-18,54.9,False,17.5,9.1,12.4,89,0.3,153.76000000000002,5.6,0.0,18,0.3047192331091634,0.9524422234305676,58.3,48.7,1,0
2020-01-19,130.2,False,17.8,7.8,11.8,83,0.0,139.24,6.199999999999999,0.0,19,0.321057654185271,0.9470596510722283,54.9,47.15,1,0
2020-01-20,113.4,False,17.6,7.4,12.2,85,0.0,148.83999999999997,5.800000000000001,0.0,20,0.3373010691361842,0.9413968285264122,130.2,45.6,0,0
2020-01-21,127.8,False,18.2,8.7,12.5,87,0.0,156.25,5.5,0.0,21,0.3534446712740877,0.9354554315134164,113.4,53.3,0,0
2020-01-22,135.5,False,18.9,7.2,12.3,83,0.0,151.29000000000002,5.699999999999999,0.0,22,0.3694836834473831,0.9292372181882051,127.8,58.8,0,0
2020-01-23,137.8,False,17.8,8.3,12.3,68,0.0,151.29000000000002,5.699999999999999,0.0,23,0.38541335945432564,0.9227440286201427,135.5,61.1,0,0
2020-01-24,132.5,False,19.3,8.3,12.6,63,0.0,158.76,5.4,0.0,24,0.4012289854475009,0.9159777842484877,137.8,58.3,0,0
2020-01-25,125.5,False,18.3,5.1,11.4,78,0.0,129.96,6.6,0.0,25,0.4169258813287287,0.908940487313808,132.5,54.9,1,0
2020-01-26,85.6,False,19.9,7.1,13.0,83,0.0,169.0,5.0,0.0,26,0.4324994021339788,0.901634220265486,125.5,130.2,1,0
2020-01-27,86.9,False,19.8,7.9,13.6,80,1.2,184.95999999999998,4.4,0.0,27,0.44794493940789115,0.8940611451454876,85.6,113.4,0,0
2020-01-28,91.0,False,19.3,11.0,14.2,84,12.7,201.64,3.8000000000000007,0.0,28,0.4632579225674917,0.88622350294858,86.9,127.8,0,0
2020-01-29,94.4,False,18.6,10.3,13.3,84,0.0,176.89000000000001,4.699999999999999,0.0,29,0.4784338202547012,0.8781236129591848,91.0,135.5,0,0
2020-01-30,94.8,False,18.3,8.6,12.6,78,0.0,158.76,5.4,0.0,30,0.49346814167723735,0.8697638720650646,94.4,137.8,0,0
2020-01-31,90.0,False,17.4,7.4,12.1,75,0.0,146.41,5.9,0.0,31,0.5083564379375122,0.8611467540480452,94.8,132.5,0,0
2020-02-01,85.5,False,18.3,6.0,11.6,78,0.0,134.56,6.4,0.0,32,0.5230943033491326,0.8522748088519838,90.0,125.5,1,0
2020-02-02,82.5,False,18.2,6.7,11.6,79,0.0,134.56,6.4,0.0,33,0.5376773767406141,0.8431506618282,85.5,85.6,1,0
2020-02-03,73.1,False,18.8,6.4,12.3,75,0.0,151.29000000000002,5.699999999999999,0.0,34,0.5521013427459208,0.8337770129585915,82.5,86.9,0,0
2020-02-04,82.8,False,19.5,6.2,12.9,76,0.0,166.41,5.1,0.0,35,0.5663619330814524,0.8241566360566663,73.1,91.0,0,0
2020-02-05,83.2,False,19.1,8.3,12.7,76,0.0,161.29,5.300000000000001,0.0,36,0.580454927809098,0.8142923779467267,82.8,94.4,0,0
2020-02-06,83.41250000000001,True,17.4,6.8,11.5,77,0.0,132.25,6.5,0.0,37,0.5943761565849831,0.804187157621448,83.2,94.8,0,0
2020-02-07,83.625,True,18.2,7.5,12.4,75,0.0,153.76000000000002,5.6,0.0,38,0.6081214998935418,0.7938439653781019,83.41250000000001,90.0,0,0
2020-02-08,83.8375,True,19.1,7.0,12.2,79,0.0,148.83999999999997,5.800000000000001,0.0,39,0.6216868902665479,0.7832658619336791,83.625,85.5,1,0
2020-02-09,84.05000000000001,True,19.9,6.3,12.5,79,0.0,156.25,5.5,0.0,40,0.6350683134867438,0.7724559775191742,83.8375,82.5,1,0
2020-02-10,84.2625,True,20.0,7.4,13.1,76,0.0,171.60999999999999,4.9,0.0,41,0.6482618097757122,0.7614175109532997,84.05000000000001,73.1,0,0
2020-02-11,84.47500000000001,True,20.4,6.6,13.0,75,0.0,169.0,5.0,0.0,42,0.6612634749656386,0.7501537286959042,84.2625,82.8,0,0
2020-02-12,84.6875,True,23.6,8.9,15.6,71,0.0,243.35999999999999,2.4000000000000004,0.0,43,0.6740694616546162,0.7386679638813748,84.47500000000001,83.2,0,0
2020-02-13,84.9,False,26.5,12.8,19.0,60,0.0,361.0,0.0,1.0,44,0.6866759803451553,0.726963615332308,84.6875,83.41250000000001,0,0
2020-02-14,82.5,False,23.8,13.5,18.3,54,0.0,334.89000000000004,0.0,0.3000000000000007,45,0.6990793005655562,0.7150441465537444,84.9,83.625,0,0
2020-02-15,80.2,False,24.6,11.9,17.1,50,0.0,292.41,0.8999999999999986,0.0,46,0.7112757519738152,0.7029130847082615,82.5,83.8375,1,0
2020-02-16,71.0,False,24.6,10.1,16.6,65,0.0,275.56000000000006,1.3999999999999986,0.0,47,0.7232617254437388,0.6905740195722293,80.2,84.05000000000001,1,0
2020-02-17,68.7,False,25.2,8.5,16.7,61,0.0,278.89,1.3000000000000007,0.0,48,0.7350336741329412,0.6780306024735382,71.0,84.2625,0,0
2020-02-18,71.1,False,25.3,10.2,16.7,52,0.0,278.89,1.3000000000000007,0.0,49,0.746588114532413,0.6652865452111116,68.7,84.47500000000001,0,0
2020-02-19,71.0,False,25.1,8.5,17.3,62,0.0,299.29,0.6999999999999993,0.0,50,0.7579216274973472,0.6523456189565257,71.1,84.6875,0,0
2020-02-20,71.4,False,26.3,14.9,20.0,63,1.9,400.0,0.0,2.0,51,0.7690308592589181,0.6392116531380588,71.0,84.9,0,0
2020-02-21,67.7,False,19.1,13.8,16.3,84,18.3,265.69,1.6999999999999993,0.0,52,0.7799125224167177,0.6258885343075018,71.4,82.5,0,0
2020-02-22,65.4,False,21.7,14.4,17.7,80,0.1,313.28999999999996,0.3000000000000007,0.0,53,0.7905633969115482,0.612380204990065,67.7,80.2,1,0
2020-02-23,106.7,False,23.2,13.4,17.4,84,2.1,302.75999999999993,0.6000000000000014,0.0,54,0.8009803309782905,0.5986906625177214,65.4,71.0,1,0
2020-02-24,110.7,False,23.6,12.4,17.5,80,0.0,306.25,0.5,0.0,55,0.8111602420785621,0.5848239578463322,106.7,68.7,0,0
2020-02-25,114.5,False,24.1,12.7,17.8,78,0.0,316.84000000000003,0.1999999999999993,0.0,56,0.8211001178128892,0.5707841943569036,110.7,71.1,0,0
2020-02-26,117.1,False,24.7,12.3,17.9,79,0.0,320.40999999999997,0.10000000000000142,0.0,57,0.8307970168121247,0.5565755266413303,114.5,71.0,0,0
2020-02-27,117.5,False,25.1,12.1,18.5,79,0.0,342.25,0.0,0.5,58,0.8402480696078469,0.5422021592729844,117.1,71.4,0,0
2020-02-28,110.5,False,25.3,15.5,20.0,76,0.0,400.0,0.0,2.0,59,0.8494504794814806,0.527668345562516,117.5,67.7,0,0
2020-02-29,99.6,False,22.1,16.0,18.6,84,11.7,345.96000000000004,0.0,0.6000000000000014,60,0.8584015232918917,0.512978386299228,110.5,65.4,1,0
2020-03-01,73.8,False,24.8,14.9,19.1,81,0.0,364.81000000000006,0.0,1.1000000000000014,61,0.8670985522812081,0.4981366284784055,99.6,106.7,1,0
2020-03-02,74.5,False,25.4,14.2,19.5,80,0.1,380.25,0.0,1.5,62,0.8755389928586302,0.4831474640149687,73.8,110.7,0,0
2020-03-03,74.7,False,25.9,13.3,19.3,72,0.0,372.49,0.0,1.3000000000000007,63,0.8837203473619977,0.4680153284438345,74.5,114.5,0,0
2020-03-04,77.5,False,24.6,13.6,19.0,74,0.3,361.0,0.0,1.0,64,0.8916401947968874,0.45274469960737107,74.7,117.1,0,0
2020-03-05,79.7,False,24.1,14.6,18.1,80,19.4,327.61000000000007,0.0,0.10000000000000142,65,0.8992961915530253,0.4373400963303323,77.5,117.5,0,0
2020-03-06,78.825,True,20.2,13.7,16.2,87,19.6,262.44,1.8000000000000007,0.0,66,0.9066860720977985,0.4218060770826634,79.7,110.5,0,0
2020-03-07,77.95,True,20.0,12.5,15.7,86,2.0,246.48999999999998,2.3000000000000007,0.0,67,0.9138076496466615,0.4061472386305789,78.825,99.6,1,0
2020-03-08,77.075,True,22.6,11.0,16.2,82,0.0,262.44,1.8000000000000007,0.0,68,0.9206588168102428,0.3903682146763026,77.95,73.8,1,0
2020-03-09,76.2,True,23.5,11.9,16.9,69,0.0,285.60999999999996,1.1000000000000014,0.0,69,0.9272375462179537,0.374473674486883,77.075,74.5,0,0
2020-03-10,75.325,True,23.6,9.7,17.0,69,0.0,289.0,1.0,0.0,70,0.9335418911179212,0.35846832151248087,76.2,74.7,0,0
2020-03-11,74.45,True,23.7,15.0,18.7,74,3.0,349.69,0.0,0.6999999999999993,71,0.9395699859530622,0.342356891994542,75.325,77.5,0,0
2020-03-12,73.575,True,25.8,14.6,19.5,69,0.1,380.25,0.0,1.5,72,0.945320046913132,0.3261441535642696,74.45,79.7,0,0
2020-03-13,72.7,False,24.8,13.8,18.7,66,10.1,349.69,0.0,0.6999999999999993,73,0.9507903724625832,0.3098349038318025,73.575,78.825,0,0
2020-03-14,69.3,False,20.7,13.0,16.4,82,8.3,268.96,1.6000000000000014,0.0,74,0.9559793438440766,0.2934339689665273,72.7,77.95,1,0
2020-03-15,126.4,False,21.2,11.8,16.3,78,0.2,265.69,1.6999999999999993,0.0,75,0.9608854255574977,0.27694620226893646,69.3,77.075,1,0
2020-03-16,122.3,False,24.1,12.8,17.9,77,0.1,320.40999999999997,0.10000000000000142,0.0,76,0.9655071658143364,0.2603764827344581,126.4,76.2,0,0
2020-03-17,119.6,False,25.6,13.5,18.9,72,0.0,357.2099999999999,0.0,0.8999999999999986,77,0.969843196967294,0.24372971360968387,122.3,75.325,0,0
2020-03-18,130.2,False,27.1,14.5,20.4,69,0.0,416.15999999999997,0.0,2.3999999999999986,78,0.9738922359149924,0.22701082094141847,119.6,74.45,0,0
2020-03-19,113.4,False,27.2,14.8,20.6,74,0.2,424.36000000000007,0.0,2.6000000000000014,79,0.9776530844816641,0.2102247521189836,130.2,73.575,0,0
2020-03-20,127.8,False,28.7,15.2,20.7,73,0.0,428.48999999999995,0.0,2.6999999999999993,80,0.981124629771712,0.19337647441020586,113.4,72.7,0,0
2020-03-21,135.5,False,28.4,15.2,21.3,74,4.0,453.69000000000005,0.0,3.3000000000000007,81,0.984305844499033,0.17647097349152166,127.8,69.3,1,0
2020-03-22,44.3,False,28.4,14.9,21.7,71,0.0,470.89,0.0,3.6999999999999993,82,0.9871957872910085,0.15951325197263655,135.5,126.4,1,0
2020-03-23,45.8,False,28.6,15.6,21.7,65,0.0,470.89,0.0,3.6999999999999993,83,0.9897936029670716,0.14250832791617088,44.3,122.3,0,0
2020-03-24,47.6,False,29.6,17.3,23.2,68,0.3,538.24,0.0,5.199999999999999,84,0.992098522791769,0.12546123335273648,45.8,119.6,0,0
2020-03-25,46.1,False,30.1,17.8,23.4,65,0.0,547.56,0.0,5.399999999999999,85,0.9941098647022418,0.10837701279187609,47.6,130.2,0,1
2020-03-26,47.5,False,29.6,18.6,23.2,64,0.0,538.24,0.0,5.199999999999999,86,0.9958270335100595,0.09126072172931188,46.1,113.4,0,1
2020-03-27,48.4,False,25.1,19.0,21.2,75,4.9,449.44,0.0,3.1999999999999993,87,0.9972495210773451,0.07411742515094437,47.5,127.8,0,1
2020-03-28,50.1,False,27.2,15.7,21.1,71,0.2,445.21000000000004,0.0,3.1000000000000014,88,0.998376906467142,0.056952196034039754,48.4,135.5,1,1
2020-03-29,66.3,False,28.1,16.3,21.8,60,0.0,475.24,0.0,3.8000000000000007,89,0.9992088560679753,0.03977011384605572,50.1,44.3,1,1
2020-03-30,66.4,False,28.6,15.7,21.6,57,0.0,466.56000000000006,0.0,3.6000000000000014,90,0.9997451236925734,0.022576263041545485,66.3,45.8,0,1
2020-03-31,67.6,False,29.7,15.5,22.5,59,0.0,506.25,0.0,4.5,91,0.9999855506507186,0.005375731557583884,66.4,47.6,0,1
2020-04-01,65.5,False,30.9,17.3,23.7,59,0.0,561.6899999999999,0.0,5.699999999999999,92,0.9999300657962057,-0.011826390691832589,67.6,46.1,0,1
2020-04-02,64.9,False,29.3,17.8,23.0,55,0.0,529.0,0.0,5.0,93,0.9995786855478958,-0.029025013321975237,65.5,47.5,0,1
2020-04-03,61.4,False,29.1,16.0,22.1,47,0.0,488.4100000000001,0.0,4.100000000000001,94,0.9989315138848577,-0.046215046983708354,64.9,48.4,0,1
2020-04-04,59.6,False,30.8,15.5,22.8,51,0.0,519.84,0.0,4.800000000000001,95,0.9979887423155984,-0.06339140486951038,61.4,50.1,1,1
2020-04-05,62.0,False,31.4,15.9,23.5,56,0.0,552.25,0.0,5.5,96,0.9967506498213929,-0.08054900421874167,59.6,66.3,1,1
2020-04-06,62.15,True,33.1,17.9,25.5,50,0.0,650.25,0.0,7.5,97,0.9952176027737294,-0.09768276782171598,62.0,66.4,0,1
2020-04-07,62.3,True,32.4,17.9,24.7,48,0.0,610.0899999999999,0.0,6.699999999999999,98,0.9933900548258936,-0.11478762552212701,62.15,67.6,0,1
2020-04-08,62.45,True,31.4,18.5,24.5,48,0.0,600.25,0.0,6.5,99,0.9912685467787256,-0.13185851571739118,62.3,65.5,0,1
2020-04-09,62.6,True,31.2,17.3,24.2,49,0.0,585.64,0.0,6.199999999999999,100,0.9888537064205885,-0.1488903868564548,62.45,64.9,0,1
2020-04-10,62.75,True,33.4,17.0,25.2,51,0.0,635.04,0.0,7.199999999999999,101,0.986146248341595,-0.16587819893463143,62.6,61.4,0,1
2020-04-11,62.900000000000006,True,34.6,19.1,26.8,48,0.0,718.24,0.0,8.8,102,0.9831469737221499,-0.1828169249850199,62.75,59.6,1,1
2020-04-12,63.05,True,34.6,20.5,27.4,46,0.0,750.7599999999999,0.0,9.399999999999999,103,0.9798567700958665,-0.1997015525660636,62.900000000000006,62.0,1,1
2020-04-13,63.2,False,36.5,20.6,28.6,45,0.0,817.96,0.0,10.600000000000001,104,0.9762766110869321,-0.21652708524481437,63.05,62.15,0,1
2020-04-14,63.8,False,37.4,21.5,29.1,46,0.0,846.8100000000001,0.0,11.100000000000001,105,0.9724075561219968,-0.23328854407545518,63.2,62.3,0,1
2020-04-15,63.3,False,36.8,23.7,29.4,46,0.0,864.3599999999999,0.0,11.399999999999999,106,0.9682507501166718,-0.2499809690726521,63.8,62.45,0,1
2020-04-16,64.0,False,37.4,22.0,29.5,42,0.0,870.25,0.0,11.5,107,0.9638074231367307,-0.26659942067929354,63.3,62.6,0,1
2020-04-17,59.8,False,33.8,24.7,29.0,36,0.0,841.0,0.0,11.0,108,0.9590788900341131,-0.28313898122818354,64.0,62.75,0,1
2020-04-18,58.1,False,35.4,23.2,28.6,40,0.0,817.96,0.0,10.600000000000001,109,0.9540665500578387,-0.2995947563972602,59.8,62.900000000000006,1,1
2020-04-19,69.1,False,33.8,21.9,27.4,46,0.1,750.7599999999999,0.0,9.399999999999999,110,0.9487718864399473,-0.31596187665790293,58.1,63.05,1,1
2020-04-20,69.4,False,32.9,21.7,26.2,49,0.8,686.4399999999999,0.0,8.2,111,0.9431964659565866,-0.33223549871590435,69.1,63.2,0,1
2020-04-21,69.1,False,32.2,19.4,26.0,52,0.0,676.0,0.0,8.0,112,0.9373419384643772,-0.3484108069446808,69.4,63.8,0,1
2020-04-22,68.7,False,33.8,19.5,27.1,45,0.0,734.4100000000001,0.0,9.100000000000001,113,0.9312100364121947,-0.3644830148102912,69.1,63.3,0,1
2020-04-23,70.0,False,35.6,22.7,28.4,41,0.0,806.56,0.0,10.399999999999999,114,0.9248025743285089,-0.38044736628785164,68.7,64.0,0,1
2020-04-24,65.8,False,35.2,21.4,28.6,44,0.0,817.96,0.0,10.600000000000001,115,0.9181214482844365,-0.39629913726891813,70.0,59.8,0,1
2020-04-25,63.1,False,34.0,23.4,28.2,45,0.5,795.24,0.0,10.2,116,0.9111686353326631,-0.41203363695942635,65.8,58.1,1,1
2020-04-26,135.5,False,32.5,23.1,26.6,61,0.3,707.5600000000001,0.0,8.600000000000001,117,0.9039461929224011,-0.42764620926777464,63.1,69.1,1,1
2020-04-27,131.8,False,30.4,20.8,25.4,70,8.8,645.16,0.0,7.399999999999999,118,0.8964562582905575,-0.44313223418263453,135.5,69.4,0,1
2020-04-28,131.2,False,31.9,21.5,26.4,65,0.3,696.9599999999999,0.0,8.399999999999999,119,0.8887010478292915,-0.45848712914008766,131.8,69.1,0,1
2020-04-29,134.4,False,34.3,21.4,28.3,58,0.0,800.89,0.0,10.3,120,0.8806828564301475,-0.47370635037968,131.2,68.7,0,1
2020-04-30,129.2,False,35.7,23.8,29.0,55,0.3,841.0,0.0,11.0,121,0.8724040568049612,-0.48878539428899265,134.4,70.0,0,1
2020-05-01,129.0,False,37.8,21.8,30.0,56,0.0,900.0,0.0,12.0,122,0.8638670987837349,-0.503719798736334,129.2,65.8,0,1
2020-05-02,123.8,False,36.1,24.2,29.0,58,0.0,841.0,0.0,11.0,123,0.8550745085896932,-0.518505144391157,129.0,63.1,1,1
2020-05-03,64.8,False,34.3,23.5,27.8,64,14.3,772.84,0.0,9.8,124,0.8460288880917339,-0.533137056031809,123.8,135.5,1,1
2020-05-04,61.2,False,33.0,20.9,27.1,67,0.1,734.4100000000001,0.0,9.100000000000001,125,0.8367329140344921,-0.5476112038402312,64.8,131.8,0,1
2020-05-05,65.8,False,34.4,22.9,28.6,52,0.2,817.96,0.0,10.600000000000001,126,0.8271893372462497,-0.5619233046832195,61.2,131.2,0,1
2020-05-06,66.1375,True,35.7,21.5,28.6,48,0.0,817.96,0.0,10.600000000000001,127,0.8174009818249189,-0.5760691233798758,65.8,134.4,0,1
2020-05-07,66.475,True,35.8,21.8,28.5,46,0.0,812.25,0.0,10.5,128,0.8073707443023492,-0.5900444739548627,66.1375,129.2,0,1
2020-05-08,66.8125,True,38.0,22.8,30.3,43,0.0,918.09,0.0,12.3,129,0.7971015927871943,-0.6038452208771035,66.475,129.0,0,1
2020-05-09,67.15,True,39.2,24.0,31.0,45,0.5,961.0,0.0,13.0,130,0.7865965660866021,-0.6174672802835514,66.8125,123.8,1,1
2020-05-10,67.4875,True,35.7,24.2,29.5,56,0.0,870.25,0.0,11.5,131,0.7758587728069828,-0.6309066211876704,67.15,64.8,1,1
2020-05-11,67.825,True,36.4,22.6,29.1,57,0.1,846.8100000000001,0.0,11.100000000000001,132,0.7648913904341226,-0.6441592666722685,67.4875,61.2,0,1
2020-05-12,68.1625,True,35.3,23.1,29.2,56,0.0,852.64,0.0,11.2,133,0.753697664392914,-0.6572212950663319,67.825,65.8,0,1
2020-05-13,68.5,False,35.2,25.5,29.6,57,0.0,876.1600000000001,0.0,11.600000000000001,134,0.742280907086982,-0.6700888411055113,68.1625,66.1375,0,1
2020-05-14,65.7,False,37.0,24.1,30.3,55,0.0,918.09,0.0,12.3,135,0.7306444969184916,-0.6827580970759147,68.5,66.475,0,1
2020-05-15,71.8,False,38.3,24.7,31.4,42,0.0,985.9599999999999,0.0,13.399999999999999,136,0.7187918772884232,-0.6952253139408723,65.7,66.8125,0,1
2020-05-16,75.0,False,38.1,24.5,31.2,34,0.0,973.4399999999999,0.0,13.2,137,0.7067265555776159,-0.7074868024503348,71.8,67.15,1,1
2020-05-17,70.7,False,38.8,23.8,31.5,35,0.0,992.25,0.0,13.5,138,0.6944521021088763,-0.719538934232584,75.0,67.4875,1,1
2020-05-18,69.8,False,38.7,23.3,30.8,34,0.0,948.6400000000001,0.0,12.8,139,0.6819721490904629,-0.7313781428679254,70.7,67.825,0,1
2020-05-19,71.7,False,38.0,22.9,30.9,29,0.0,954.81,0.0,12.899999999999999,140,0.6692903895412567,-0.7430009249440493,69.8,68.1625,0,1
2020-05-20,70.7,False,37.5,23.3,30.5,28,0.0,930.25,0.0,12.5,141,0.6564105761979381,-0.7544038410927472,71.7,68.5,0,1
2020-05-21,73.4,False,39.8,23.7,31.8,29,0.0,1011.24,0.0,13.8,142,0.6433365204044917,-0.765583517007675,70.7,65.7,0,1
2020-05-22,62.0,False,41.8,23.8,32.9,32,0.0,1082.4099999999999,0.0,14.899999999999999,143,0.6300720909843687,-0.7765366444428655,73.4,71.8,0,1
2020-05-23,72.1,False,40.4,26.4,33.7,33,0.0,1135.6900000000003,0.0,15.700000000000003,144,0.6166212130956382,-0.7872599821916922,62.0,75.0,1,1
2020-05-24,70.84444444444443,True,41.9,26.2,34.5,32,0.0,1190.25,0.0,16.5,145,0.6029878670694714,-0.7977503570459932,72.1,70.7,1,0
2020-05-25,69.58888888888889,True,42.9,27.3,35.0,25,0.0,1225.0,0.0,17.0,146,0.5891760872322963,-0.8080046647350754,70.84444444444443,69.8,0,0
2020-05-26,68.33333333333333,True,43.6,27.5,36.3,22,0.0,1317.6899999999998,0.0,18.299999999999997,147,0.5751899607119775,-0.8180198708443175,69.58888888888889,71.7,0,0
2020-05-27,67.07777777777777,True,43.2,27.6,35.5,24,0.0,1260.25,0.0,17.5,148,0.5610336262283677,-0.8277930117131022,68.33333333333333,70.7,0,0
2020-05-28,65.82222222222222,True,38.2,28.2,32.7,43,0.0,1069.2900000000002,0.0,14.700000000000003,149,0.5467112728685939,-0.8373211953118121,67.07777777777777,73.4,0,0
2020-05-29,64.56666666666666,True,35.3,26.0,30.3,57,4.0,918.09,0.0,12.3,150,0.5322271388474397,-0.8466016020976267,65.82222222222222,62.0,0,0
2020-05-30,63.31111111111111,True,32.5,23.4,28.1,62,4.7,789.6100000000001,0.0,10.100000000000001,151,0.5175855102531889,-0.8556314858488706,64.56666666666666,72.1,1,0
2020-05-31,62.05555555555555,True,32.7,23.3,26.8,70,0.2,718.24,0.0,8.8,152,0.5027907197793043,-0.8644081744776648,63.31111111111111,70.84444444444443,1,0
2020-06-01,60.8,False,33.4,21.7,27.8,68,0.0,772.84,0.0,9.8,153,0.4878471454423119,-0.8729290708206411,62.05555555555555,69.58888888888889,0,0
2020-06-02,62.5,False,34.3,24.1,29.1,63,0.0,846.8100000000001,0.0,11.100000000000001,154,0.47275920928627757,-0.881191653407483,60.8,68.33333333333333,0,0
2020-06-03,62.6,False,35.8,23.9,29.9,59,0.0,894.0099999999999,0.0,11.899999999999999,155,0.4575313760742512,-0.8891934772070711,62.5,67.07777777777777,0,0
2020-06-04,63.5,False,34.7,24.8,29.7,57,0.0,882.0899999999999,0.0,11.7,156,0.44216815196707204,-0.8969321743510065,62.6,65.82222222222222,0,0
2020-06-05,65.0,False,34.6,24.8,29.0,61,0.3,841.0,0.0,11.0,157,0.42667408318992467,-0.9044054548343001,63.5,64.56666666666666,0,0
