date,temp_max_c,temp_min_c,temp_mean_c,humidity_mean_pct,precipitation_mm
2019-01-02,21.2,6.8,13.7,72,0.0
2019-01-03,20.7,7.5,13.2,73,0.0
2019-01-04,18.8,7.2,12.7,72,0.0
2019-01-05,20.6,7.3,13.1,71,0.0
2019-01-06,18.2,8.9,13.0,78,2.2
2019-01-07,19.2,7.7,12.4,78,0.0
2019-01-08,18.3,7.7,12.2,77,0.0
2019-01-09,19.4,7.9,12.5,71,0.0
2019-01-10,19.3,5.9,12.5,67,0.0
2019-01-11,19.4,5.6,12.7,71,0.0
2019-01-12,19.8,7.2,13.3,75,0.0
2019-01-13,21.0,8.3,14.3,74,0.0
2019-01-14,18.3,8.2,12.6,60,0.0
2019-01-15,18.8,6.4,11.3,59,0.0
2019-01-16,18.9,5.7,11.9,70,0.0
2019-01-17,20.0,5.2,12.0,76,0.0
2019-01-18,20.4,5.9,12.0,75,0.0
2019-01-19,22.8,6.9,13.8,70,0.0
2019-01-20,25.0,8.6,16.6,74,0.0
2019-01-21,21.4,12.6,16.0,82,5.5
2019-01-22,19.5,11.6,14.8,86,17.6
2019-01-23,18.7,8.8,13.2,84,0.4
2019-01-24,20.0,9.3,13.7,80,0.1
2019-01-25,17.4,8.7,12.1,79,0.9
2019-01-26,17.4,7.1,11.4,70,0.0
2019-01-27,16.3,5.4,10.1,69,0.0
2019-01-28,17.2,6.1,10.6,63,0.0
2019-01-29,18.3,6.0,11.1,63,0.0
2019-01-30,18.3,6.1,11.3,70,0.0
2019-01-31,18.8,6.9,12.8,72,0.8
2019-02-01,19.6,10.8,14.2,75,0.7
2019-02-02,19.7,8.0,13.0,82,0.0
2019-02-03,20.1,7.8,12.7,82,0.0
2019-02-04,21.0,7.4,14.0,76,0.0
2019-02-05,22.1,8.8,15.5,78,0.0
2019-02-06,22.9,13.1,17.0,85,9.2
2019-02-07,20.0,12.2,15.7,90,11.9
2019-02-08,18.8,8.3,12.8,74,0.0
2019-02-09,18.9,8.2,12.5,72,0.0
2019-02-10,18.4,6.8,12.2,76,0.5
2019-02-11,19.3,7.3,13.0,76,0.0
2019-02-12,21.4,9.8,15.0,76,0.0
2019-02-13,23.4,11.0,16.4,75,0.0
2019-02-14,20.3,13.4,16.1,84,3.7
2019-02-15,20.4,12.6,15.8,86,1.5
2019-02-16,19.2,10.3,14.3,86,0.5
2019-02-17,20.6,10.6,14.5,80,0.0
2019-02-18,22.3,9.4,15.9,72,0.1
2019-02-19,22.0,10.6,16.5,78,0.0
2019-02-20,20.2,13.8,16.8,82,3.4
2019-02-21,25.5,14.2,19.1,76,0.0
2019-02-22,22.9,13.0,17.9,73,0.8
2019-02-23,21.3,10.2,14.8,67,0.0
2019-02-24,21.9,10.3,15.1,68,0.1
2019-02-25,22.1,9.3,15.2,68,0.2
2019-02-26,21.4,11.7,15.4,70,4.5
2019-02-27,17.6,9.6,13.5,81,6.8
2019-02-28,19.4,7.0,12.9,72,0.0
2019-03-01,20.8,7.6,13.7,69,0.0
2019-03-02,20.9,11.1,15.1,76,7.4
2019-03-03,21.6,11.2,15.9,80,2.2
2019-03-04,22.5,11.7,16.7,81,0.1
2019-03-05,21.8,11.7,16.0,74,0.0
2019-03-06,23.1,10.6,16.4,67,0.0
2019-03-07,23.6,9.6,16.6,68,0.0
2019-03-08,23.9,11.5,17.9,64,0.0
2019-03-09,25.1,12.6,18.1,67,0.0
2019-03-10,24.5,11.0,17.3,60,0.0
2019-03-11,26.0,14.1,19.6,59,1.2
2019-03-12,26.4,13.1,19.3,60,0.0
2019-03-13,23.2,12.9,18.0,67,0.0
2019-03-14,24.3,11.8,17.1,74,0.3
2019-03-15,25.0,11.8,17.8,67,0.0
2019-03-16,25.2,11.9,17.8,61,0.0
2019-03-17,26.4,12.6,19.6,54,0.0
2019-03-18,27.1,11.9,19.9,55,0.0
2019-03-19,29.3,13.0,21.0,57,0.0
2019-03-20,30.1,17.5,22.7,51,0.0
2019-03-21,30.1,14.7,22.4,51,0.0
2019-03-22,28.8,15.8,21.6,44,0.0
2019-03-23,29.7,15.6,22.1,40,0.0
2019-03-24,30.9,18.6,24.0,46,0.0
2019-03-25,28.3,17.1,21.5,64,0.4
2019-03-26,29.7,15.3,21.8,61,0.0
2019-03-27,30.9,14.8,23.0,57,0.0
2019-03-28,33.5,17.6,25.3,58,0.0
2019-03-29,35.6,18.1,27.1,56,0.0
2019-03-30,36.1,20.0,26.0,59,0.0
2019-03-31,34.1,18.5,25.9,44,0.0
2019-04-01,33.2,18.3,25.0,37,0.0
2019-04-02,33.3,16.4,24.4,45,0.0
2019-04-03,34.9,17.3,25.7,43,0.0
2019-04-04,36.3,18.1,27.6,44,0.0
2019-04-05,37.5,20.5,28.4,47,0.0
2019-04-06,37.2,20.3,28.0,52,0.0
2019-04-07,34.2,20.7,27.5,59,0.6
2019-04-08,35.0,21.1,26.3,57,0.4
2019-04-09,35.9,20.2,27.8,50,0.0
2019-04-10,37.1,20.7,28.9,46,0.0
2019-04-11,37.7,22.6,29.8,40,0.0
2019-04-12,36.8,22.1,29.2,39,0.0
2019-04-13,36.9,22.2,29.5,40,0.0
2019-04-14,37.4,23.4,30.2,36,0.0
2019-04-15,38.4,23.8,30.7,34,0.0
2019-04-16,31.1,22.3,25.9,51,0.3
2019-04-17,25.9,18.9,21.8,74,7.8
2019-04-18,28.1,16.4,22.6,67,0.0
2019-04-19,30.1,18.8,24.7,55,0.0
2019-04-20,33.3,19.7,26.5,48,0.0
2019-04-21,35.5,20.6,28.5,42,0.0
2019-04-22,37.3,20.6,29.5,43,0.0
2019-04-23,38.8,22.6,31.3,38,0.0
2019-04-24,40.5,24.5,32.3,38,0.0
2019-04-25,39.4,25.6,32.4,38,0.1
2019-04-26,39.9,24.9,32.6,35,0.0
2019-04-27,40.3,26.8,33.4,22,0.0
2019-04-28,40.8,25.8,33.2,20,0.0
2019-04-29,40.7,26.0,33.4,20,0.0
2019-04-30,41.5,24.9,33.8,21,0.0
2019-05-01,40.9,24.3,32.7,26,0.0
2019-05-02,37.5,26.0,31.3,34,0.3
2019-05-03,37.5,24.7,30.9,34,0.0
2019-05-04,37.9,23.9,31.0,24,0.0
2019-05-05,38.6,22.8,31.0,21,0.0
2019-05-06,40.0,22.7,31.8,23,0.0
2019-05-07,40.1,22.3,32.0,22,0.0
2019-05-08,41.4,24.5,33.7,19,0.0
2019-05-09,41.3,26.1,34.0,20,0.0
2019-05-10,40.4,29.6,34.6,20,0.0
2019-05-11,38.5,24.9,32.1,30,0.0
2019-05-12,38.4,24.8,31.7,31,0.0
2019-05-13,38.2,25.0,32.1,31,0.0
2019-05-14,35.6,24.4,29.9,44,0.0
2019-05-15,36.7,24.0,30.3,46,0.0
2019-05-16,36.8,25.0,30.1,47,0.0
2019-05-17,34.6,24.2,28.2,59,2.2
2019-05-18,33.6,21.6,27.5,61,0.0
2019-05-19,36.6,23.6,30.1,43,0.0
2019-05-20,38.9,23.1,31.7,36,0.0
2019-05-21,39.6,25.5,32.7,31,0.0
2019-05-22,39.5,27.0,32.9,35,0.0
2019-05-23,39.3,26.1,33.1,38,0.0
2019-05-24,35.2,26.4,30.8,46,0.0
2019-05-25,36.6,25.0,31.1,40,0.0
2019-05-26,38.3,24.5,31.5,34,0.0
2019-05-27,40.8,26.0,33.5,28,0.0
2019-05-28,40.7,25.4,33.3,21,0.0
2019-05-29,42.0,26.0,34.4,21,0.0
2019-05-30,43.4,26.0,35.1,23,0.0
2019-05-31,44.0,27.5,36.0,23,0.0
2019-06-01,43.6,27.4,35.0,34,0.0
2019-06-02,42.0,28.8,35.1,42,0.0
2019-06-03,41.0,29.1,34.0,48,0.0
2019-06-04,41.7,29.5,34.4,44,0.0
2019-06-05,41.2,28.1,35.0,42,0.0
2019-06-06,41.7,29.9,35.2,39,0.0
2019-06-07,41.0,26.6,33.6,46,0.0
2019-06-08,41.4,27.5,34.9,38,0.0
2019-06-09,43.0,27.8,35.9,28,0.0
2019-06-10,44.1,27.5,36.5,27,0.0
2019-06-11,43.3,28.3,36.8,27,0.0
2019-06-12,38.2,29.5,34.4,48,3.1
2019-06-13,41.0,28.8,35.4,39,0.0
2019-06-14,42.2,30.7,36.0,30,0.0
2019-06-15,42.7,29.3,36.6,22,0.0
2019-06-16,38.4,29.1,33.9,42,0.0
2019-06-17,39.0,28.9,33.8,46,0.0
2019-06-18,35.9,24.7,30.6,54,0.0
2019-06-19,37.0,25.7,31.1,54,0.0
2019-06-20,37.7,24.8,31.8,49,0.0
2019-06-21,38.7,27.6,33.4,48,0.2
2019-06-22,39.9,28.3,34.4,41,0.0
2019-06-23,38.7,29.0,33.9,50,0.0
2019-06-24,36.5,27.1,31.5,60,0.8
2019-06-25,36.6,27.8,32.4,61,1.1
2019-06-26,39.9,29.2,34.3,50,1.2
2019-06-27,40.5,28.7,34.6,40,0.0
2019-06-28,42.4,28.6,35.5,38,0.0
2019-06-29,41.8,30.3,36.5,36,0.0
2019-06-30,43.2,30.0,36.8,36,0.0
2019-07-01,41.4,30.0,35.6,45,0.0
2019-07-02,39.9,30.7,35.5,47,0.0
2019-07-03,36.5,30.4,33.7,57,2.6
2019-07-04,39.0,29.3,33.2,60,2.5
2019-07-05,35.2,27.9,31.1,72,5.0
2019-07-06,34.9,27.5,30.9,71,0.5
2019-07-07,35.9,26.6,31.3,69,0.4
2019-07-08,36.8,27.8,31.9,69,2.3
2019-07-09,35.7,27.2,30.9,73,6.8
2019-07-10,35.4,27.2,31.1,75,7.8
2019-07-11,38.5,28.2,33.2,60,0.0
2019-07-12,38.0,29.2,32.9,56,0.8
2019-07-13,38.7,30.0,34.0,49,0.0
2019-07-14,36.7,29.0,32.7,55,0.2
2019-07-15,36.1,25.3,29.5,75,5.0
2019-07-16,28.5,24.7,26.5,89,25.2
2019-07-17,29.9,24.8,27.1,86,6.8
2019-07-18,32.4,24.7,27.4,84,14.4
2019-07-19,33.3,25.2,29.3,81,5.9
2019-07-20,34.0,26.0,30.1,81,17.1
2019-07-21,33.0,27.2,29.9,81,5.0
2019-07-22,34.0,27.4,30.3,81,3.9
2019-07-23,35.7,28.0,31.7,78,2.3
2019-07-24,37.0,28.1,31.3,77,12.2
2019-07-25,30.2,26.1,27.8,86,8.2
2019-07-26,30.0,25.4,27.3,88,24.6
2019-07-27,30.3,25.2,26.9,89,5.7
2019-07-28,32.0,25.8,28.4,86,6.4
2019-07-29,33.2,26.2,29.4,78,1.9
2019-07-30,32.4,26.4,29.1,78,0.8
2019-07-31,32.0,27.1,29.1,78,0.7
2019-08-01,32.5,26.8,29.4,82,4.1
2019-08-02,31.6,26.6,28.8,85,13.6
2019-08-03,30.9,26.5,28.3,89,3.9
2019-08-04,32.5,26.2,28.9,88,5.4
2019-08-05,33.0,26.6,29.4,86,15.2
2019-08-06,30.9,25.8,27.9,89,14.7
2019-08-07,30.9,25.7,28.3,89,8.1
2019-08-08,33.9,27.2,30.3,78,0.7
2019-08-09,31.8,27.8,29.5,74,0.6
2019-08-10,32.5,25.9,28.8,80,2.4
2019-08-11,32.9,26.5,29.6,80,1.8
2019-08-12,32.1,27.0,29.4,81,5.0
2019-08-13,33.4,26.7,29.0,84,19.6
2019-08-14,32.0,25.5,28.5,88,5.2
2019-08-15,32.2,27.0,29.1,83,8.6
2019-08-16,31.3,26.2,28.1,83,5.9
2019-08-17,28.2,25.4,26.3,89,9.0
2019-08-18,30.8,24.5,26.9,88,30.4
2019-08-19,31.8,24.1,28.1,85,0.4
2019-08-20,32.7,25.5,28.5,83,0.6
2019-08-21,34.2,24.8,29.3,79,0.0
2019-08-22,32.1,25.5,28.6,86,1.0
2019-08-23,33.1,25.7,29.3,84,5.5
2019-08-24,33.1,26.5,29.2,84,2.8
2019-08-25,30.1,26.2,27.6,88,13.6
2019-08-26,32.5,25.8,29.1,82,0.7
2019-08-27,33.6,26.2,29.9,81,0.1
2019-08-28,34.4,26.8,30.6,78,0.4
2019-08-29,33.9,27.3,30.2,81,1.0
2019-08-30,33.9,26.5,30.3,81,1.1
2019-08-31,33.3,26.7,30.4,79,5.4
2019-09-01,31.5,26.5,28.6,87,6.2
2019-09-02,33.4,25.7,29.7,83,1.4
2019-09-03,34.0,27.0,30.4,80,7.2
2019-09-04,31.9,25.7,29.0,85,5.1
2019-09-05,32.7,26.7,29.5,83,0.6
2019-09-06,33.0,26.9,29.8,82,1.0
2019-09-07,32.1,26.5,28.8,86,3.7
2019-09-08,33.1,26.1,29.2,84,0.4
2019-09-09,34.2,26.2,30.2,80,0.1
2019-09-10,34.8,26.6,30.5,77,0.0
2019-09-11,35.5,26.6,31.1,76,0.3
2019-09-12,33.5,27.3,30.1,81,0.3
2019-09-13,33.9,26.4,29.9,77,0.3
2019-09-14,32.3,25.9,28.7,79,1.0
2019-09-15,31.7,25.4,28.2,83,5.5
2019-09-16,33.2,25.0,29.2,82,0.5
2019-09-17,32.9,26.2,29.2,81,3.6
2019-09-18,31.9,26.0,28.5,81,4.2
2019-09-19,30.3,24.8,27.0,80,1.4
2019-09-20,30.8,23.2,27.0,84,7.2
2019-09-21,31.4,24.7,27.7,82,0.9
2019-09-22,29.8,25.2,27.1,84,15.5
2019-09-23,30.8,23.6,26.7,83,1.7
2019-09-24,31.4,23.4,27.0,82,3.8
2019-09-25,30.9,24.0,27.1,82,3.5
2019-09-26,30.9,25.2,27.7,76,0.9
2019-09-27,30.4,24.3,26.7,78,0.8
2019-09-28,29.5,22.9,25.7,82,1.4
2019-09-29,27.0,23.2,25.0,83,3.5
2019-09-30,29.5,22.8,25.2,84,7.0
2019-10-01,28.8,22.4,25.2,85,3.1
2019-10-02,30.8,22.5,26.5,81,0.3
2019-10-03,32.7,22.9,27.7,74,0.0
2019-10-04,30.5,23.3,26.4,72,2.1
2019-10-05,32.1,22.0,26.2,66,0.0
2019-10-06,32.5,21.1,26.3,64,0.0
2019-10-07,31.8,22.1,26.4,63,0.0
2019-10-08,32.0,21.0,26.4,57,0.0
2019-10-09,30.5,20.0,25.8,62,0.1
2019-10-10,31.4,20.7,26.2,63,0.0
2019-10-11,32.2,20.1,26.5,59,0.0
2019-10-12,33.1,21.4,26.9,61,0.0
2019-10-13,33.3,22.8,27.4,56,0.0
2019-10-14,33.4,20.7,26.9,60,0.0
2019-10-15,33.2,21.2,26.9,65,0.0
2019-10-16,33.1,21.4,27.3,62,0.0
2019-10-17,32.1,21.8,26.8,63,0.0
2019-10-18,31.9,22.5,26.4,66,1.1
2019-10-19,31.3,21.0,25.7,66,0.8
2019-10-20,32.8,20.4,25.7,51,0.0
2019-10-21,32.1,18.7,24.9,53,0.0
2019-10-22,31.6,19.1,24.3,51,0.0
2019-10-23,31.6,17.3,24.1,57,0.0
2019-10-24,30.7,17.7,23.9,68,0.0
2019-10-25,29.8,19.0,24.0,66,0.0
2019-10-26,29.9,18.4,24.2,66,0.0
2019-10-27,31.5,18.7,24.4,61,0.0
2019-10-28,30.3,18.0,23.8,64,0.0
2019-10-29,29.6,19.1,24.1,71,0.0
2019-10-30,30.8,21.0,25.0,70,0.0
2019-10-31,30.9,18.4,24.0,71,0.0
2019-11-01,31.1,18.0,24.3,69,0.0
2019-11-02,30.1,19.7,24.3,70,0.1
2019-11-03,28.8,19.1,23.7,72,0.0
2019-11-04,29.1,19.0,23.6,64,0.0
2019-11-05,29.3,18.1,22.9,58,0.0
2019-11-06,29.7,17.0,23.1,61,0.0
2019-11-07,26.4,19.2,22.1,73,0.9
2019-11-08,27.1,17.0,21.9,73,0.4
2019-11-09,28.6,17.1,21.8,61,0.0
2019-11-10,27.5,15.4,20.7,62,0.0
2019-11-11,26.6,15.0,19.9,62,0.0
2019-11-12,27.2,12.5,19.2,66,0.0
2019-11-13,26.8,14.3,20.2,70,0.0
2019-11-14,27.3,16.7,21.0,72,0.0
2019-11-15,26.7,16.8,20.8,75,0.0
2019-11-16,28.7,16.6,21.8,65,0.0
2019-11-17,27.9,17.4,21.5,61,0.0
2019-11-18,25.8,15.1,19.7,65,0.0
2019-11-19,25.9,14.0,19.1,69,0.0
2019-11-20,25.6,12.3,18.6,69,0.0
2019-11-21,25.9,13.3,19.1,70,0.0
2019-11-22,26.8,14.3,20.2,68,0.0
2019-11-23,26.0,15.5,20.4,64,0.0
2019-11-24,26.0,15.9,20.5,66,0.0
2019-11-25,25.5,14.3,19.9,67,0.0
2019-11-26,24.9,15.9,20.0,67,0.8
2019-11-27,25.3,15.0,19.7,68,0.0
2019-11-28,22.7,16.2,18.3,83,16.9
2019-11-29,22.9,13.5,17.5,83,0.0
2019-11-30,22.4,13.2,16.8,80,0.0
2019-12-01,21.8,11.4,15.4,76,0.0
2019-12-02,21.9,11.0,15.2,72,0.0
2019-12-03,22.2,9.9,14.8,70,0.0
2019-12-04,21.6,8.6,14.5,76,0.0
2019-12-05,21.2,8.7,14.8,78,0.0
2019-12-06,21.8,10.5,15.5,84,0.0
2019-12-07,22.4,10.2,15.9,82,0.0
2019-12-08,22.5,10.3,15.5,80,0.0
2019-12-09,21.8,9.0,14.8,77,0.0
2019-12-10,21.1,8.6,14.6,75,0.0
2019-12-11,21.2,8.5,15.2,74,0.0
2019-12-12,18.4,12.8,15.6,79,5.0
2019-12-13,19.8,11.2,15.2,87,3.3
2019-12-14,17.8,9.6,13.0,84,0.0
2019-12-15,18.5,9.5,13.2,83,0.0
2019-12-16,18.4,9.2,12.4,83,0.0
2019-12-17,18.2,8.2,11.8,83,0.0
2019-12-18,17.9,7.8,11.9,81,0.0
2019-12-19,16.8,5.7,10.9,86,0.0
2019-12-20,17.9,8.1,12.4,83,0.0
2019-12-21,15.9,10.0,13.0,85,0.1
2019-12-22,18.6,7.9,12.3,86,0.0
2019-12-23,18.3,8.1,11.8,84,0.0
2019-12-24,15.2,5.4,9.3,92,0.0
2019-12-25,15.1,5.4,8.6,90,0.0
2019-12-26,14.8,4.1,8.3,87,0.0
2019-12-27,13.3,3.7,7.0,91,0.0
2019-12-28,13.3,3.3,7.1,90,0.0
2019-12-29,13.4,4.0,7.5,89,0.0
2019-12-30,13.1,3.6,7.0,90,0.0
2019-12-31,13.1,2.4,7.5,82,0.0
2020-01-01,17.9,2.1,9.8,82,0.0
2020-01-02,19.6,6.7,12.8,79,0.0
2020-01-03,19.2,8.1,13.9,80,0.2
2020-01-04,18.9,8.9,13.2,85,0.1
2020-01-05,19.7,7.8,13.1,76,0.0
2020-01-06,17.0,9.4,13.2,79,0.0
2020-01-07,17.5,10.9,13.9,84,1.2
2020-01-08,15.1,10.3,12.7,93,16.7
2020-01-09,16.1,7.2,10.6,79,0.0
2020-01-10,16.8,5.9,10.0,80,0.0
2020-01-11,17.0,5.6,10.3,79,0.0
2020-01-12,19.7,5.8,11.6,79,0.0
2020-01-13,20.7,8.0,14.0,84,15.8
2020-01-14,18.5,10.4,14.1,87,0.3
2020-01-15,18.7,7.4,12.5,84,0.0
2020-01-16,15.8,9.6,12.5,90,17.4
2020-01-17,17.9,10.0,13.0,90,0.1
2020-01-18,17.5,9.1,12.4,89,0.3
2020-01-19,17.8,7.8,11.8,83,0.0
2020-01-20,17.6,7.4,12.2,85,0.0
2020-01-21,18.2,8.7,12.5,87,0.0
2020-01-22,18.9,7.2,12.3,83,0.0
2020-01-23,17.8,8.3,12.3,68,0.0
2020-01-24,19.3,8.3,12.6,63,0.0
2020-01-25,18.3,5.1,11.4,78,0.0
2020-01-26,19.9,7.1,13.0,83,0.0
2020-01-27,19.8,7.9,13.6,80,1.2
2020-01-28,19.3,11.0,14.2,84,12.7
2020-01-29,18.6,10.3,13.3,84,0.0
2020-01-30,18.3,8.6,12.6,78,0.0
2020-01-31,17.4,7.4,12.1,75,0.0
2020-02-01,18.3,6.0,11.6,78,0.0
2020-02-02,18.2,6.7,11.6,79,0.0
2020-02-03,18.8,6.4,12.3,75,0.0
2020-02-04,19.5,6.2,12.9,76,0.0
2020-02-05,19.1,8.3,12.7,76,0.0
2020-02-06,17.4,6.8,11.5,77,0.0
2020-02-07,18.2,7.5,12.4,75,0.0
2020-02-08,19.1,7.0,12.2,79,0.0
2020-02-09,19.9,6.3,12.5,79,0.0
2020-02-10,20.0,7.4,13.1,76,0.0
2020-02-11,20.4,6.6,13.0,75,0.0
2020-02-12,23.6,8.9,15.6,71,0.0
2020-02-13,26.5,12.8,19.0,60,0.0
2020-02-14,23.8,13.5,18.3,54,0.0
2020-02-15,24.6,11.9,17.1,50,0.0
2020-02-16,24.6,10.1,16.6,65,0.0
2020-02-17,25.2,8.5,16.7,61,0.0
2020-02-18,25.3,10.2,16.7,52,0.0
2020-02-19,25.1,8.5,17.3,62,0.0
2020-02-20,26.3,14.9,20.0,63,1.9
2020-02-21,19.1,13.8,16.3,84,18.3
2020-02-22,21.7,14.4,17.7,80,0.1
2020-02-23,23.2,13.4,17.4,84,2.1
2020-02-24,23.6,12.4,17.5,80,0.0
2020-02-25,24.1,12.7,17.8,78,0.0
2020-02-26,24.7,12.3,17.9,79,0.0
2020-02-27,25.1,12.1,18.5,79,0.0
2020-02-28,25.3,15.5,20.0,76,0.0
2020-02-29,22.1,16.0,18.6,84,11.7
2020-03-01,24.8,14.9,19.1,81,0.0
2020-03-02,25.4,14.2,19.5,80,0.1
2020-03-03,25.9,13.3,19.3,72,0.0
2020-03-04,24.6,13.6,19.0,74,0.3
2020-03-05,24.1,14.6,18.1,80,19.4
2020-03-06,20.2,13.7,16.2,87,19.6
2020-03-07,20.0,12.5,15.7,86,2.0
2020-03-08,22.6,11.0,16.2,82,0.0
2020-03-09,23.5,11.9,16.9,69,0.0
2020-03-10,23.6,9.7,17.0,69,0.0
2020-03-11,23.7,15.0,18.7,74,3.0
2020-03-12,25.8,14.6,19.5,69,0.1
2020-03-13,24.8,13.8,18.7,66,10.1
2020-03-14,20.7,13.0,16.4,82,8.3
2020-03-15,21.2,11.8,16.3,78,0.2
2020-03-16,24.1,12.8,17.9,77,0.1
2020-03-17,25.6,13.5,18.9,72,0.0
2020-03-18,27.1,14.5,20.4,69,0.0
2020-03-19,27.2,14.8,20.6,74,0.2
2020-03-20,28.7,15.2,20.7,73,0.0
2020-03-21,28.4,15.2,21.3,74,4.0
2020-03-22,28.4,14.9,21.7,71,0.0
2020-03-23,28.6,15.6,21.7,65,0.0
2020-03-24,29.6,17.3,23.2,68,0.3
2020-03-25,30.1,17.8,23.4,65,0.0
2020-03-26,29.6,18.6,23.2,64,0.0
2020-03-27,25.1,19.0,21.2,75,4.9
2020-03-28,27.2,15.7,21.1,71,0.2
2020-03-29,28.1,16.3,21.8,60,0.0
2020-03-30,28.6,15.7,21.6,57,0.0
2020-03-31,29.7,15.5,22.5,59,0.0
2020-04-01,30.9,17.3,23.7,59,0.0
2020-04-02,29.3,17.8,23.0,55,0.0
2020-04-03,29.1,16.0,22.1,47,0.0
2020-04-04,30.8,15.5,22.8,51,0.0
2020-04-05,31.4,15.9,23.5,56,0.0
2020-04-06,33.1,17.9,25.5,50,0.0
2020-04-07,32.4,17.9,24.7,48,0.0
2020-04-08,31.4,18.5,24.5,48,0.0
2020-04-09,31.2,17.3,24.2,49,0.0
2020-04-10,33.4,17.0,25.2,51,0.0
2020-04-11,34.6,19.1,26.8,48,0.0
2020-04-12,34.6,20.5,27.4,46,0.0
2020-04-13,36.5,20.6,28.6,45,0.0
2020-04-14,37.4,21.5,29.1,46,0.0
2020-04-15,36.8,23.7,29.4,46,0.0
2020-04-16,37.4,22.0,29.5,42,0.0
2020-04-17,33.8,24.7,29.0,36,0.0
2020-04-18,35.4,23.2,28.6,40,0.0
2020-04-19,33.8,21.9,27.4,46,0.1
2020-04-20,32.9,21.7,26.2,49,0.8
2020-04-21,32.2,19.4,26.0,52,0.0
2020-04-22,33.8,19.5,27.1,45,0.0
2020-04-23,35.6,22.7,28.4,41,0.0
2020-04-24,35.2,21.4,28.6,44,0.0
2020-04-25,34.0,23.4,28.2,45,0.5
2020-04-26,32.5,23.1,26.6,61,0.3
2020-04-27,30.4,20.8,25.4,70,8.8
2020-04-28,31.9,21.5,26.4,65,0.3
2020-04-29,34.3,21.4,28.3,58,0.0
2020-04-30,35.7,23.8,29.0,55,0.3
2020-05-01,37.8,21.8,30.0,56,0.0
2020-05-02,36.1,24.2,29.0,58,0.0
2020-05-03,34.3,23.5,27.8,64,14.3
2020-05-04,33.0,20.9,27.1,67,0.1
2020-05-05,34.4,22.9,28.6,52,0.2
2020-05-06,35.7,21.5,28.6,48,0.0
2020-05-07,35.8,21.8,28.5,46,0.0
2020-05-08,38.0,22.8,30.3,43,0.0
2020-05-09,39.2,24.0,31.0,45,0.5
2020-05-10,35.7,24.2,29.5,56,0.0
2020-05-11,36.4,22.6,29.1,57,0.1
2020-05-12,35.3,23.1,29.2,56,0.0
2020-05-13,35.2,25.5,29.6,57,0.0
2020-05-14,37.0,24.1,30.3,55,0.0
2020-05-15,38.3,24.7,31.4,42,0.0
2020-05-16,38.1,24.5,31.2,34,0.0
2020-05-17,38.8,23.8,31.5,35,0.0
2020-05-18,38.7,23.3,30.8,34,0.0
2020-05-19,38.0,22.9,30.9,29,0.0
2020-05-20,37.5,23.3,30.5,28,0.0
2020-05-21,39.8,23.7,31.8,29,0.0
2020-05-22,41.8,23.8,32.9,32,0.0
2020-05-23,40.4,26.4,33.7,33,0.0
2020-05-24,41.9,26.2,34.5,32,0.0
2020-05-25,42.9,27.3,35.0,25,0.0
2020-05-26,43.6,27.5,36.3,22,0.0
2020-05-27,43.2,27.6,35.5,24,0.0
2020-05-28,38.2,28.2,32.7,43,0.0
2020-05-29,35.3,26.0,30.3,57,4.0
2020-05-30,32.5,23.4,28.1,62,4.7
2020-05-31,32.7,23.3,26.8,70,0.2
2020-06-01,33.4,21.7,27.8,68,0.0
2020-06-02,34.3,24.1,29.1,63,0.0
2020-06-03,35.8,23.9,29.9,59,0.0
2020-06-04,34.7,24.8,29.7,57,0.0
2020-06-05,34.6,24.8,29.0,61,0.3
2020-06-06,34.5,24.5,29.5,59,0.0
2020-06-07,36.0,26.5,30.4,60,1.0
2020-06-08,35.3,25.6,30.7,62,0.0
2020-06-09,37.8,26.3,32.6,56,0.0
2020-06-10,38.2,28.0,33.4,54,0.0
2020-06-11,37.3,27.1,32.8,59,0.0
2020-06-12,38.2,28.8,33.5,54,0.0
2020-06-13,38.4,29.4,33.3,57,0.0
2020-06-14,38.2,29.2,33.4,58,0.0
2020-06-15,39.7,28.8,34.0,51,0.0
2020-06-16,39.2,28.1,33.6,50,0.1
2020-06-17,39.5,29.0,33.7,54,0.0
2020-06-18,40.6,28.0,34.4,52,0.0
2020-06-19,40.3,29.9,34.6,55,0.0
2020-06-20,39.4,29.1,33.5,56,1.1
2020-06-21,38.1,28.3,32.8,58,0.0
2020-06-22,35.8,27.5,31.4,64,1.3
2020-06-23,34.4,28.2,31.3,66,1.6
2020-06-24,33.0,28.2,30.1,74,2.4
2020-06-25,36.9,26.6,31.5,69,0.0
2020-06-26,36.1,27.6,32.2,67,0.5
2020-06-27,38.7,29.2,33.5,59,0.3
2020-06-28,38.8,29.8,34.8,54,0.0
2020-06-29,38.8,29.2,33.8,58,0.2
2020-06-30,36.0,27.0,31.9,65,0.1
